antecedent,consequent,support,confidence,lift,support_count
290999,322717,0.003584,1.0,279.0,1
322717,290999,0.003584,1.0,279.0,1
158575,234215,0.003584,1.0,279.0,1
234215,158575,0.003584,1.0,279.0,1
158575,276240,0.003584,1.0,279.0,1
276240,158575,0.003584,1.0,279.0,1
158575,446102,0.003584,1.0,279.0,1
446102,158575,0.003584,1.0,279.0,1
234215,276240,0.003584,1.0,279.0,1
276240,234215,0.003584,1.0,279.0,1
234215,446102,0.003584,1.0,279.0,1
446102,234215,0.003584,1.0,279.0,1
276240,446102,0.003584,1.0,279.0,1
446102,276240,0.003584,1.0,279.0,1
29940,342816,0.003584,1.0,279.0,1
342816,29940,0.003584,1.0,279.0,1
23250,450216,0.003584,1.0,279.0,1
450216,23250,0.003584,1.0,279.0,1
11711,228314,0.003584,1.0,279.0,1
228314,11711,0.003584,1.0,279.0,1
345373,405714,0.003584,1.0,279.0,1
405714,345373,0.003584,1.0,279.0,1
285072,366993,0.003584,1.0,279.0,1
366993,285072,0.003584,1.0,279.0,1
285072,376203,0.003584,1.0,279.0,1
376203,285072,0.003584,1.0,279.0,1
366993,376203,0.003584,1.0,279.0,1
376203,366993,0.003584,1.0,279.0,1
184826,461220,0.003584,1.0,279.0,1
461220,184826,0.003584,1.0,279.0,1
263501,306494,0.003584,1.0,279.0,1
306494,263501,0.003584,1.0,279.0,1
263501,388308,0.003584,1.0,279.0,1
388308,263501,0.003584,1.0,279.0,1
306494,388308,0.003584,1.0,279.0,1
388308,306494,0.003584,1.0,279.0,1
158514,37009,0.003584,1.0,279.0,1
37009,158514,0.003584,1.0,279.0,1
209419,228613,0.003584,1.0,279.0,1
228613,209419,0.003584,1.0,279.0,1
157576,161506,0.003584,1.0,279.0,1
161506,157576,0.003584,1.0,279.0,1
157576,276056,0.003584,1.0,279.0,1
276056,157576,0.003584,1.0,279.0,1
161506,276056,0.003584,1.0,279.0,1
276056,161506,0.003584,1.0,279.0,1
16052,348245,0.003584,1.0,279.0,1
348245,16052,0.003584,1.0,279.0,1
378517,425593,0.003584,1.0,279.0,1
425593,378517,0.003584,1.0,279.0,1
325256,390199,0.003584,1.0,279.0,1
390199,325256,0.003584,1.0,279.0,1
276704,310620,0.003584,1.0,279.0,1
310620,276704,0.003584,1.0,279.0,1
171611,8347,0.003584,1.0,279.0,1
8347,171611,0.003584,1.0,279.0,1
337196,75597,0.003584,1.0,279.0,1
75597,337196,0.003584,1.0,279.0,1
384470,47334,0.003584,1.0,279.0,1
47334,384470,0.003584,1.0,279.0,1
263765,318421,0.003584,1.0,279.0,1
318421,263765,0.003584,1.0,279.0,1
178797,214617,0.003584,1.0,279.0,1
214617,178797,0.003584,1.0,279.0,1
245158,66648,0.003584,1.0,279.0,1
66648,245158,0.003584,1.0,279.0,1
130800,183511,0.003584,1.0,279.0,1
183511,130800,0.003584,1.0,279.0,1
152433,216293,0.003584,1.0,279.0,1
216293,152433,0.003584,1.0,279.0,1
272152,29167,0.003584,1.0,279.0,1
29167,272152,0.003584,1.0,279.0,1
240558,291964,0.003584,1.0,279.0,1
291964,240558,0.003584,1.0,279.0,1
218177,275705,0.003584,1.0,279.0,1
275705,218177,0.003584,1.0,279.0,1
218177,465606,0.003584,1.0,279.0,1
465606,218177,0.003584,1.0,279.0,1
218177,96813,0.003584,1.0,279.0,1
96813,218177,0.003584,1.0,279.0,1
275705,465606,0.003584,1.0,279.0,1
465606,275705,0.003584,1.0,279.0,1
275705,96813,0.003584,1.0,279.0,1
96813,275705,0.003584,1.0,279.0,1
465606,96813,0.003584,1.0,279.0,1
96813,465606,0.003584,1.0,279.0,1
102614,281710,0.003584,1.0,279.0,1
281710,102614,0.003584,1.0,279.0,1
188233,209688,0.003584,1.0,279.0,1
209688,188233,0.003584,1.0,279.0,1
134108,210408,0.003584,1.0,279.0,1
210408,134108,0.003584,1.0,279.0,1
337512,372834,0.003584,1.0,279.0,1
372834,337512,0.003584,1.0,279.0,1
192043,266965,0.003584,1.0,279.0,1
266965,192043,0.003584,1.0,279.0,1
192043,362495,0.003584,1.0,279.0,1
362495,192043,0.003584,1.0,279.0,1
266965,362495,0.003584,1.0,279.0,1
362495,266965,0.003584,1.0,279.0,1
188830,346598,0.003584,1.0,279.0,1
346598,188830,0.003584,1.0,279.0,1
219833,273652,0.003584,1.0,279.0,1
273652,219833,0.003584,1.0,279.0,1
219833,297669,0.003584,1.0,279.0,1
297669,219833,0.003584,1.0,279.0,1
219833,358482,0.003584,1.0,279.0,1
358482,219833,0.003584,1.0,279.0,1
219833,387570,0.003584,1.0,279.0,1
387570,219833,0.003584,1.0,279.0,1
219833,437051,0.003584,1.0,279.0,1
437051,219833,0.003584,1.0,279.0,1
273652,297669,0.003584,1.0,279.0,1
297669,273652,0.003584,1.0,279.0,1
273652,358482,0.003584,1.0,279.0,1
358482,273652,0.003584,1.0,279.0,1
273652,387570,0.003584,1.0,279.0,1
387570,273652,0.003584,1.0,279.0,1
273652,437051,0.003584,1.0,279.0,1
437051,273652,0.003584,1.0,279.0,1
297669,358482,0.003584,1.0,279.0,1
358482,297669,0.003584,1.0,279.0,1
297669,387570,0.003584,1.0,279.0,1
387570,297669,0.003584,1.0,279.0,1
297669,437051,0.003584,1.0,279.0,1
437051,297669,0.003584,1.0,279.0,1
358482,387570,0.003584,1.0,279.0,1
387570,358482,0.003584,1.0,279.0,1
358482,437051,0.003584,1.0,279.0,1
437051,358482,0.003584,1.0,279.0,1
387570,437051,0.003584,1.0,279.0,1
437051,387570,0.003584,1.0,279.0,1
167866,211299,0.003584,1.0,279.0,1
211299,167866,0.003584,1.0,279.0,1
167866,254813,0.003584,1.0,279.0,1
254813,167866,0.003584,1.0,279.0,1
167866,446522,0.003584,1.0,279.0,1
446522,167866,0.003584,1.0,279.0,1
167866,46130,0.003584,1.0,279.0,1
46130,167866,0.003584,1.0,279.0,1
211299,254813,0.003584,1.0,279.0,1
254813,211299,0.003584,1.0,279.0,1
211299,446522,0.003584,1.0,279.0,1
446522,211299,0.003584,1.0,279.0,1
211299,46130,0.003584,1.0,279.0,1
46130,211299,0.003584,1.0,279.0,1
254813,446522,0.003584,1.0,279.0,1
446522,254813,0.003584,1.0,279.0,1
254813,46130,0.003584,1.0,279.0,1
46130,254813,0.003584,1.0,279.0,1
446522,46130,0.003584,1.0,279.0,1
46130,446522,0.003584,1.0,279.0,1
11250,14671,0.003584,1.0,279.0,1
14671,11250,0.003584,1.0,279.0,1
119972,148433,0.003584,1.0,279.0,1
148433,119972,0.003584,1.0,279.0,1
119972,384605,0.003584,1.0,279.0,1
384605,119972,0.003584,1.0,279.0,1
119972,460607,0.003584,1.0,279.0,1
460607,119972,0.003584,1.0,279.0,1
119972,63380,0.003584,1.0,279.0,1
63380,119972,0.003584,1.0,279.0,1
148433,384605,0.003584,1.0,279.0,1
384605,148433,0.003584,1.0,279.0,1
148433,460607,0.003584,1.0,279.0,1
460607,148433,0.003584,1.0,279.0,1
148433,63380,0.003584,1.0,279.0,1
63380,148433,0.003584,1.0,279.0,1
384605,460607,0.003584,1.0,279.0,1
460607,384605,0.003584,1.0,279.0,1
384605,63380,0.003584,1.0,279.0,1
63380,384605,0.003584,1.0,279.0,1
460607,63380,0.003584,1.0,279.0,1
63380,460607,0.003584,1.0,279.0,1
38083,8015,0.003584,1.0,279.0,1
8015,38083,0.003584,1.0,279.0,1
109239,185082,0.003584,1.0,279.0,1
185082,109239,0.003584,1.0,279.0,1
109239,192003,0.003584,1.0,279.0,1
192003,109239,0.003584,1.0,279.0,1
109239,211975,0.003584,1.0,279.0,1
211975,109239,0.003584,1.0,279.0,1
109239,252023,0.003584,1.0,279.0,1
252023,109239,0.003584,1.0,279.0,1
109239,259647,0.003584,1.0,279.0,1
259647,109239,0.003584,1.0,279.0,1
109239,93829,0.003584,1.0,279.0,1
93829,109239,0.003584,1.0,279.0,1
185082,192003,0.003584,1.0,279.0,1
192003,185082,0.003584,1.0,279.0,1
185082,211975,0.003584,1.0,279.0,1
211975,185082,0.003584,1.0,279.0,1
185082,252023,0.003584,1.0,279.0,1
252023,185082,0.003584,1.0,279.0,1
185082,259647,0.003584,1.0,279.0,1
259647,185082,0.003584,1.0,279.0,1
185082,93829,0.003584,1.0,279.0,1
93829,185082,0.003584,1.0,279.0,1
192003,211975,0.003584,1.0,279.0,1
211975,192003,0.003584,1.0,279.0,1
192003,252023,0.003584,1.0,279.0,1
252023,192003,0.003584,1.0,279.0,1
192003,259647,0.003584,1.0,279.0,1
259647,192003,0.003584,1.0,279.0,1
192003,93829,0.003584,1.0,279.0,1
93829,192003,0.003584,1.0,279.0,1
211975,252023,0.003584,1.0,279.0,1
252023,211975,0.003584,1.0,279.0,1
211975,259647,0.003584,1.0,279.0,1
259647,211975,0.003584,1.0,279.0,1
211975,93829,0.003584,1.0,279.0,1
93829,211975,0.003584,1.0,279.0,1
252023,259647,0.003584,1.0,279.0,1
259647,252023,0.003584,1.0,279.0,1
252023,93829,0.003584,1.0,279.0,1
93829,252023,0.003584,1.0,279.0,1
259647,93829,0.003584,1.0,279.0,1
93829,259647,0.003584,1.0,279.0,1
133247,240004,0.003584,1.0,279.0,1
240004,133247,0.003584,1.0,279.0,1
133247,50577,0.003584,1.0,279.0,1
50577,133247,0.003584,1.0,279.0,1
240004,50577,0.003584,1.0,279.0,1
50577,240004,0.003584,1.0,279.0,1
142076,156436,0.003584,1.0,279.0,1
156436,142076,0.003584,1.0,279.0,1
142076,164121,0.003584,1.0,279.0,1
164121,142076,0.003584,1.0,279.0,1
142076,351641,0.003584,1.0,279.0,1
351641,142076,0.003584,1.0,279.0,1
156436,164121,0.003584,1.0,279.0,1
164121,156436,0.003584,1.0,279.0,1
156436,351641,0.003584,1.0,279.0,1
351641,156436,0.003584,1.0,279.0,1
164121,351641,0.003584,1.0,279.0,1
351641,164121,0.003584,1.0,279.0,1
34269,433543,0.003584,1.0,279.0,1
433543,34269,0.003584,1.0,279.0,1
34269,79801,0.003584,1.0,279.0,1
79801,34269,0.003584,1.0,279.0,1
433543,79801,0.003584,1.0,279.0,1
79801,433543,0.003584,1.0,279.0,1
271889,345156,0.003584,1.0,279.0,1
345156,271889,0.003584,1.0,279.0,1
1653,237147,0.003584,1.0,279.0,1
237147,1653,0.003584,1.0,279.0,1
465231,465522,0.003584,1.0,279.0,1
465522,465231,0.003584,1.0,279.0,1
174724,360378,0.003584,1.0,279.0,1
360378,174724,0.003584,1.0,279.0,1
220140,33775,0.003584,1.0,279.0,1
33775,220140,0.003584,1.0,279.0,1
327134,407202,0.003584,1.0,279.0,1
407202,327134,0.003584,1.0,279.0,1
425746,6731,0.003584,1.0,279.0,1
6731,425746,0.003584,1.0,279.0,1
321089,434811,0.003584,1.0,279.0,1
434811,321089,0.003584,1.0,279.0,1
381352,448413,0.003584,1.0,279.0,1
448413,381352,0.003584,1.0,279.0,1
111122,98020,0.003584,1.0,279.0,1
98020,111122,0.003584,1.0,279.0,1
132057,46910,0.003584,1.0,279.0,1
46910,132057,0.003584,1.0,279.0,1
122585,439586,0.003584,1.0,279.0,1
439586,122585,0.003584,1.0,279.0,1
15327,282528,0.003584,1.0,279.0,1
282528,15327,0.003584,1.0,279.0,1
15327,458501,0.003584,1.0,279.0,1
458501,15327,0.003584,1.0,279.0,1
282528,458501,0.003584,1.0,279.0,1
458501,282528,0.003584,1.0,279.0,1
314942,445351,0.003584,1.0,279.0,1
445351,314942,0.003584,1.0,279.0,1
105334,36995,0.003584,1.0,279.0,1
36995,105334,0.003584,1.0,279.0,1
130113,189818,0.003584,1.0,279.0,1
189818,130113,0.003584,1.0,279.0,1
130113,369158,0.003584,1.0,279.0,1
369158,130113,0.003584,1.0,279.0,1
189818,369158,0.003584,1.0,279.0,1
369158,189818,0.003584,1.0,279.0,1
250301,75510,0.003584,1.0,279.0,1
75510,250301,0.003584,1.0,279.0,1
128569,457045,0.003584,1.0,279.0,1
457045,128569,0.003584,1.0,279.0,1
227309,348254,0.003584,1.0,279.0,1
348254,227309,0.003584,1.0,279.0,1
227309,389118,0.003584,1.0,279.0,1
389118,227309,0.003584,1.0,279.0,1
348254,389118,0.003584,1.0,279.0,1
389118,348254,0.003584,1.0,279.0,1
312130,354176,0.003584,1.0,279.0,1
354176,312130,0.003584,1.0,279.0,1
312130,424512,0.003584,1.0,279.0,1
424512,312130,0.003584,1.0,279.0,1
354176,424512,0.003584,1.0,279.0,1
424512,354176,0.003584,1.0,279.0,1
362191,407687,0.003584,1.0,279.0,1
407687,362191,0.003584,1.0,279.0,1
253574,326609,0.003584,1.0,279.0,1
326609,253574,0.003584,1.0,279.0,1
333681,44890,0.003584,1.0,279.0,1
44890,333681,0.003584,1.0,279.0,1
352230,463804,0.003584,1.0,279.0,1
463804,352230,0.003584,1.0,279.0,1
383864,98962,0.003584,1.0,279.0,1
98962,383864,0.003584,1.0,279.0,1
308851,316031,0.003584,1.0,279.0,1
316031,308851,0.003584,1.0,279.0,1
34278,391515,0.003584,1.0,279.0,1
391515,34278,0.003584,1.0,279.0,1
101722,3914,0.003584,1.0,279.0,1
3914,101722,0.003584,1.0,279.0,1
207430,377981,0.003584,1.0,279.0,1
377981,207430,0.003584,1.0,279.0,1
358348,376008,0.003584,1.0,279.0,1
376008,358348,0.003584,1.0,279.0,1
115258,176385,0.003584,1.0,279.0,1
176385,115258,0.003584,1.0,279.0,1
115258,220540,0.003584,1.0,279.0,1
220540,115258,0.003584,1.0,279.0,1
176385,220540,0.003584,1.0,279.0,1
220540,176385,0.003584,1.0,279.0,1
168717,51556,0.003584,1.0,279.0,1
51556,168717,0.003584,1.0,279.0,1
380484,395823,0.003584,1.0,279.0,1
395823,380484,0.003584,1.0,279.0,1
180009,287467,0.003584,1.0,279.0,1
287467,180009,0.003584,1.0,279.0,1
380971,86691,0.003584,1.0,279.0,1
86691,380971,0.003584,1.0,279.0,1
449220,85771,0.003584,1.0,279.0,1
85771,449220,0.003584,1.0,279.0,1
122449,422494,0.003584,1.0,279.0,1
422494,122449,0.003584,1.0,279.0,1
133764,343475,0.003584,1.0,279.0,1
343475,133764,0.003584,1.0,279.0,1
348326,377868,0.003584,1.0,279.0,1
377868,348326,0.003584,1.0,279.0,1
348326,4067,0.003584,1.0,279.0,1
4067,348326,0.003584,1.0,279.0,1
377868,4067,0.003584,1.0,279.0,1
4067,377868,0.003584,1.0,279.0,1
236376,405380,0.003584,1.0,279.0,1
405380,236376,0.003584,1.0,279.0,1
21198,44845,0.003584,1.0,279.0,1
44845,21198,0.003584,1.0,279.0,1
349470,372617,0.003584,1.0,279.0,1
372617,349470,0.003584,1.0,279.0,1
349470,395273,0.003584,1.0,279.0,1
395273,349470,0.003584,1.0,279.0,1
372617,395273,0.003584,1.0,279.0,1
395273,372617,0.003584,1.0,279.0,1
121865,222119,0.003584,1.0,279.0,1
222119,121865,0.003584,1.0,279.0,1
121865,367726,0.003584,1.0,279.0,1
367726,121865,0.003584,1.0,279.0,1
222119,367726,0.003584,1.0,279.0,1
367726,222119,0.003584,1.0,279.0,1
115958,23489,0.003584,1.0,279.0,1
23489,115958,0.003584,1.0,279.0,1
287796,322551,0.003584,1.0,279.0,1
322551,287796,0.003584,1.0,279.0,1
173223,245810,0.003584,1.0,279.0,1
245810,173223,0.003584,1.0,279.0,1
173223,398397,0.003584,1.0,279.0,1
398397,173223,0.003584,1.0,279.0,1
173223,433697,0.003584,1.0,279.0,1
433697,173223,0.003584,1.0,279.0,1
173223,442150,0.003584,1.0,279.0,1
442150,173223,0.003584,1.0,279.0,1
245810,398397,0.003584,1.0,279.0,1
398397,245810,0.003584,1.0,279.0,1
245810,433697,0.003584,1.0,279.0,1
433697,245810,0.003584,1.0,279.0,1
245810,442150,0.003584,1.0,279.0,1
442150,245810,0.003584,1.0,279.0,1
398397,433697,0.003584,1.0,279.0,1
433697,398397,0.003584,1.0,279.0,1
398397,442150,0.003584,1.0,279.0,1
442150,398397,0.003584,1.0,279.0,1
433697,442150,0.003584,1.0,279.0,1
442150,433697,0.003584,1.0,279.0,1
150540,279310,0.003584,1.0,279.0,1
279310,150540,0.003584,1.0,279.0,1
178176,203444,0.003584,1.0,279.0,1
203444,178176,0.003584,1.0,279.0,1
178176,35403,0.003584,1.0,279.0,1
35403,178176,0.003584,1.0,279.0,1
178176,395656,0.003584,1.0,279.0,1
395656,178176,0.003584,1.0,279.0,1
203444,35403,0.003584,1.0,279.0,1
35403,203444,0.003584,1.0,279.0,1
203444,395656,0.003584,1.0,279.0,1
395656,203444,0.003584,1.0,279.0,1
35403,395656,0.003584,1.0,279.0,1
395656,35403,0.003584,1.0,279.0,1
192288,307941,0.003584,1.0,279.0,1
307941,192288,0.003584,1.0,279.0,1
287696,346655,0.003584,1.0,279.0,1
346655,287696,0.003584,1.0,279.0,1
287696,83569,0.003584,1.0,279.0,1
83569,287696,0.003584,1.0,279.0,1
346655,83569,0.003584,1.0,279.0,1
83569,346655,0.003584,1.0,279.0,1
272527,40870,0.003584,1.0,279.0,1
40870,272527,0.003584,1.0,279.0,1
32267,70929,0.003584,1.0,279.0,1
70929,32267,0.003584,1.0,279.0,1
331490,651,0.003584,1.0,279.0,1
651,331490,0.003584,1.0,279.0,1
19142,23246,0.003584,1.0,279.0,1
23246,19142,0.003584,1.0,279.0,1
172103,78268,0.003584,1.0,279.0,1
78268,172103,0.003584,1.0,279.0,1
122604,32361,0.003584,1.0,279.0,1
32361,122604,0.003584,1.0,279.0,1
112259,253315,0.003584,1.0,279.0,1
253315,112259,0.003584,1.0,279.0,1
133472,220355,0.003584,1.0,279.0,1
220355,133472,0.003584,1.0,279.0,1
133472,453427,0.003584,1.0,279.0,1
453427,133472,0.003584,1.0,279.0,1
220355,453427,0.003584,1.0,279.0,1
453427,220355,0.003584,1.0,279.0,1
331980,79956,0.003584,1.0,279.0,1
79956,331980,0.003584,1.0,279.0,1
442725,94344,0.003584,1.0,279.0,1
94344,442725,0.003584,1.0,279.0,1
170262,332721,0.003584,1.0,279.0,1
332721,170262,0.003584,1.0,279.0,1
170262,442131,0.003584,1.0,279.0,1
442131,170262,0.003584,1.0,279.0,1
332721,442131,0.003584,1.0,279.0,1
442131,332721,0.003584,1.0,279.0,1
354881,90487,0.003584,1.0,279.0,1
90487,354881,0.003584,1.0,279.0,1
125799,18717,0.003584,1.0,279.0,1
18717,125799,0.003584,1.0,279.0,1
125799,368360,0.003584,1.0,279.0,1
368360,125799,0.003584,1.0,279.0,1
18717,368360,0.003584,1.0,279.0,1
368360,18717,0.003584,1.0,279.0,1
318051,388897,0.003584,1.0,279.0,1
388897,318051,0.003584,1.0,279.0,1
305016,428072,0.003584,1.0,279.0,1
428072,305016,0.003584,1.0,279.0,1
305016,441256,0.003584,1.0,279.0,1
441256,305016,0.003584,1.0,279.0,1
428072,441256,0.003584,1.0,279.0,1
441256,428072,0.003584,1.0,279.0,1
150215,95426,0.003584,1.0,279.0,1
95426,150215,0.003584,1.0,279.0,1
235748,422481,0.003584,1.0,279.0,1
422481,235748,0.003584,1.0,279.0,1
234199,416187,0.003584,1.0,279.0,1
416187,234199,0.003584,1.0,279.0,1
124006,234207,0.003584,1.0,279.0,1
234207,124006,0.003584,1.0,279.0,1
242905,65000,0.003584,1.0,279.0,1
65000,242905,0.003584,1.0,279.0,1
211718,272318,0.003584,1.0,279.0,1
272318,211718,0.003584,1.0,279.0,1
211718,331552,0.003584,1.0,279.0,1
331552,211718,0.003584,1.0,279.0,1
272318,331552,0.003584,1.0,279.0,1
331552,272318,0.003584,1.0,279.0,1
307981,58233,0.003584,1.0,279.0,1
58233,307981,0.003584,1.0,279.0,1
234384,258901,0.003584,1.0,279.0,1
258901,234384,0.003584,1.0,279.0,1
64852,70370,0.003584,1.0,279.0,1
70370,64852,0.003584,1.0,279.0,1
214190,61632,0.003584,1.0,279.0,1
61632,214190,0.003584,1.0,279.0,1
372389,390582,0.003584,1.0,279.0,1
390582,372389,0.003584,1.0,279.0,1
372389,399697,0.003584,1.0,279.0,1
399697,372389,0.003584,1.0,279.0,1
390582,399697,0.003584,1.0,279.0,1
399697,390582,0.003584,1.0,279.0,1
145503,444931,0.003584,1.0,279.0,1
444931,145503,0.003584,1.0,279.0,1
248455,391484,0.003584,1.0,279.0,1
391484,248455,0.003584,1.0,279.0,1
202920,33487,0.003584,1.0,279.0,1
33487,202920,0.003584,1.0,279.0,1
202920,390799,0.003584,1.0,279.0,1
390799,202920,0.003584,1.0,279.0,1
202920,395845,0.003584,1.0,279.0,1
395845,202920,0.003584,1.0,279.0,1
202920,57788,0.003584,1.0,279.0,1
57788,202920,0.003584,1.0,279.0,1
33487,390799,0.003584,1.0,279.0,1
390799,33487,0.003584,1.0,279.0,1
33487,395845,0.003584,1.0,279.0,1
395845,33487,0.003584,1.0,279.0,1
33487,57788,0.003584,1.0,279.0,1
57788,33487,0.003584,1.0,279.0,1
390799,395845,0.003584,1.0,279.0,1
395845,390799,0.003584,1.0,279.0,1
390799,57788,0.003584,1.0,279.0,1
57788,390799,0.003584,1.0,279.0,1
395845,57788,0.003584,1.0,279.0,1
57788,395845,0.003584,1.0,279.0,1
324759,429962,0.003584,1.0,279.0,1
429962,324759,0.003584,1.0,279.0,1
324759,49466,0.003584,1.0,279.0,1
49466,324759,0.003584,1.0,279.0,1
429962,49466,0.003584,1.0,279.0,1
49466,429962,0.003584,1.0,279.0,1
10572,251040,0.003584,1.0,279.0,1
251040,10572,0.003584,1.0,279.0,1
10572,341869,0.003584,1.0,279.0,1
341869,10572,0.003584,1.0,279.0,1
10572,357529,0.003584,1.0,279.0,1
357529,10572,0.003584,1.0,279.0,1
10572,382130,0.003584,1.0,279.0,1
382130,10572,0.003584,1.0,279.0,1
251040,341869,0.003584,1.0,279.0,1
341869,251040,0.003584,1.0,279.0,1
251040,357529,0.003584,1.0,279.0,1
357529,251040,0.003584,1.0,279.0,1
251040,382130,0.003584,1.0,279.0,1
382130,251040,0.003584,1.0,279.0,1
341869,357529,0.003584,1.0,279.0,1
357529,341869,0.003584,1.0,279.0,1
341869,382130,0.003584,1.0,279.0,1
382130,341869,0.003584,1.0,279.0,1
357529,382130,0.003584,1.0,279.0,1
382130,357529,0.003584,1.0,279.0,1
196658,267236,0.003584,1.0,279.0,1
267236,196658,0.003584,1.0,279.0,1
196658,326846,0.003584,1.0,279.0,1
326846,196658,0.003584,1.0,279.0,1
196658,336850,0.003584,1.0,279.0,1
336850,196658,0.003584,1.0,279.0,1
196658,372395,0.003584,1.0,279.0,1
372395,196658,0.003584,1.0,279.0,1
267236,326846,0.003584,1.0,279.0,1
326846,267236,0.003584,1.0,279.0,1
267236,336850,0.003584,1.0,279.0,1
336850,267236,0.003584,1.0,279.0,1
267236,372395,0.003584,1.0,279.0,1
372395,267236,0.003584,1.0,279.0,1
326846,336850,0.003584,1.0,279.0,1
336850,326846,0.003584,1.0,279.0,1
326846,372395,0.003584,1.0,279.0,1
372395,326846,0.003584,1.0,279.0,1
336850,372395,0.003584,1.0,279.0,1
372395,336850,0.003584,1.0,279.0,1
214461,330305,0.003584,1.0,279.0,1
330305,214461,0.003584,1.0,279.0,1
188809,203187,0.003584,1.0,279.0,1
203187,188809,0.003584,1.0,279.0,1
389722,393767,0.003584,1.0,279.0,1
393767,389722,0.003584,1.0,279.0,1
154385,362339,0.003584,1.0,279.0,1
362339,154385,0.003584,1.0,279.0,1
222604,312781,0.003584,1.0,279.0,1
312781,222604,0.003584,1.0,279.0,1
194892,344388,0.003584,1.0,279.0,1
344388,194892,0.003584,1.0,279.0,1
194892,396603,0.003584,1.0,279.0,1
396603,194892,0.003584,1.0,279.0,1
344388,396603,0.003584,1.0,279.0,1
396603,344388,0.003584,1.0,279.0,1
117788,87221,0.003584,1.0,279.0,1
87221,117788,0.003584,1.0,279.0,1
232768,34977,0.003584,1.0,279.0,1
34977,232768,0.003584,1.0,279.0,1
400321,429704,0.003584,1.0,279.0,1
429704,400321,0.003584,1.0,279.0,1
400321,50626,0.003584,1.0,279.0,1
50626,400321,0.003584,1.0,279.0,1
429704,50626,0.003584,1.0,279.0,1
50626,429704,0.003584,1.0,279.0,1
14520,409804,0.003584,1.0,279.0,1
409804,14520,0.003584,1.0,279.0,1
241555,406296,0.003584,1.0,279.0,1
406296,241555,0.003584,1.0,279.0,1
21013,333792,0.003584,1.0,279.0,1
333792,21013,0.003584,1.0,279.0,1
118914,16813,0.003584,1.0,279.0,1
16813,118914,0.003584,1.0,279.0,1
255908,259710,0.003584,1.0,279.0,1
259710,255908,0.003584,1.0,279.0,1
255908,58123,0.003584,1.0,279.0,1
58123,255908,0.003584,1.0,279.0,1
259710,58123,0.003584,1.0,279.0,1
58123,259710,0.003584,1.0,279.0,1
430965,435624,0.003584,1.0,279.0,1
435624,430965,0.003584,1.0,279.0,1
116205,276821,0.003584,1.0,279.0,1
276821,116205,0.003584,1.0,279.0,1
219755,380747,0.003584,1.0,279.0,1
380747,219755,0.003584,1.0,279.0,1
128182,242981,0.003584,1.0,279.0,1
242981,128182,0.003584,1.0,279.0,1
322342,89775,0.003584,1.0,279.0,1
89775,322342,0.003584,1.0,279.0,1
1267,149735,0.003584,1.0,279.0,1
149735,1267,0.003584,1.0,279.0,1
1267,70148,0.003584,1.0,279.0,1
70148,1267,0.003584,1.0,279.0,1
149735,70148,0.003584,1.0,279.0,1
70148,149735,0.003584,1.0,279.0,1
181462,241826,0.003584,1.0,279.0,1
241826,181462,0.003584,1.0,279.0,1
181462,353965,0.003584,1.0,279.0,1
353965,181462,0.003584,1.0,279.0,1
181462,409426,0.003584,1.0,279.0,1
409426,181462,0.003584,1.0,279.0,1
181462,60888,0.003584,1.0,279.0,1
60888,181462,0.003584,1.0,279.0,1
241826,353965,0.003584,1.0,279.0,1
353965,241826,0.003584,1.0,279.0,1
241826,409426,0.003584,1.0,279.0,1
409426,241826,0.003584,1.0,279.0,1
241826,60888,0.003584,1.0,279.0,1
60888,241826,0.003584,1.0,279.0,1
353965,409426,0.003584,1.0,279.0,1
409426,353965,0.003584,1.0,279.0,1
353965,60888,0.003584,1.0,279.0,1
60888,353965,0.003584,1.0,279.0,1
409426,60888,0.003584,1.0,279.0,1
60888,409426,0.003584,1.0,279.0,1
275339,355707,0.003584,1.0,279.0,1
355707,275339,0.003584,1.0,279.0,1
198784,434247,0.003584,1.0,279.0,1
434247,198784,0.003584,1.0,279.0,1
75392,90910,0.003584,1.0,279.0,1
90910,75392,0.003584,1.0,279.0,1
117096,60317,0.003584,1.0,279.0,1
60317,117096,0.003584,1.0,279.0,1
279585,318117,0.003584,1.0,279.0,1
318117,279585,0.003584,1.0,279.0,1
213376,249016,0.003584,1.0,279.0,1
249016,213376,0.003584,1.0,279.0,1
213376,312827,0.003584,1.0,279.0,1
312827,213376,0.003584,1.0,279.0,1
249016,312827,0.003584,1.0,279.0,1
312827,249016,0.003584,1.0,279.0,1
121680,175907,0.003584,1.0,279.0,1
175907,121680,0.003584,1.0,279.0,1
102802,275692,0.003584,1.0,279.0,1
275692,102802,0.003584,1.0,279.0,1
163890,466443,0.003584,1.0,279.0,1
466443,163890,0.003584,1.0,279.0,1
184011,187200,0.003584,1.0,279.0,1
187200,184011,0.003584,1.0,279.0,1
184011,431417,0.003584,1.0,279.0,1
431417,184011,0.003584,1.0,279.0,1
187200,431417,0.003584,1.0,279.0,1
431417,187200,0.003584,1.0,279.0,1
225028,43487,0.003584,1.0,279.0,1
43487,225028,0.003584,1.0,279.0,1
342366,74789,0.003584,1.0,279.0,1
74789,342366,0.003584,1.0,279.0,1
136329,449559,0.003584,1.0,279.0,1
449559,136329,0.003584,1.0,279.0,1
127722,273747,0.003584,1.0,279.0,1
273747,127722,0.003584,1.0,279.0,1
127722,406121,0.003584,1.0,279.0,1
406121,127722,0.003584,1.0,279.0,1
127722,8641,0.003584,1.0,279.0,1
8641,127722,0.003584,1.0,279.0,1
273747,406121,0.003584,1.0,279.0,1
406121,273747,0.003584,1.0,279.0,1
273747,8641,0.003584,1.0,279.0,1
8641,273747,0.003584,1.0,279.0,1
406121,8641,0.003584,1.0,279.0,1
8641,406121,0.003584,1.0,279.0,1
192653,237255,0.003584,1.0,279.0,1
237255,192653,0.003584,1.0,279.0,1
192653,444677,0.003584,1.0,279.0,1
444677,192653,0.003584,1.0,279.0,1
237255,444677,0.003584,1.0,279.0,1
444677,237255,0.003584,1.0,279.0,1
280802,324707,0.003584,1.0,279.0,1
324707,280802,0.003584,1.0,279.0,1
280802,45644,0.003584,1.0,279.0,1
45644,280802,0.003584,1.0,279.0,1
280802,83103,0.003584,1.0,279.0,1
83103,280802,0.003584,1.0,279.0,1
324707,45644,0.003584,1.0,279.0,1
45644,324707,0.003584,1.0,279.0,1
324707,83103,0.003584,1.0,279.0,1
83103,324707,0.003584,1.0,279.0,1
45644,83103,0.003584,1.0,279.0,1
83103,45644,0.003584,1.0,279.0,1
38706,392474,0.003584,1.0,279.0,1
392474,38706,0.003584,1.0,279.0,1
177757,402455,0.003584,1.0,279.0,1
402455,177757,0.003584,1.0,279.0,1
166490,87268,0.003584,1.0,279.0,1
87268,166490,0.003584,1.0,279.0,1
124065,269610,0.003584,1.0,279.0,1
269610,124065,0.003584,1.0,279.0,1
289096,31591,0.003584,1.0,279.0,1
31591,289096,0.003584,1.0,279.0,1
60682,60908,0.003584,1.0,279.0,1
60908,60682,0.003584,1.0,279.0,1
303842,96394,0.003584,1.0,279.0,1
96394,303842,0.003584,1.0,279.0,1
446705,67154,0.003584,1.0,279.0,1
67154,446705,0.003584,1.0,279.0,1
121311,336753,0.003584,1.0,279.0,1
336753,121311,0.003584,1.0,279.0,1
130599,185241,0.003584,1.0,279.0,1
185241,130599,0.003584,1.0,279.0,1
130599,224818,0.003584,1.0,279.0,1
224818,130599,0.003584,1.0,279.0,1
130599,386092,0.003584,1.0,279.0,1
386092,130599,0.003584,1.0,279.0,1
130599,41803,0.003584,1.0,279.0,1
41803,130599,0.003584,1.0,279.0,1
185241,224818,0.003584,1.0,279.0,1
224818,185241,0.003584,1.0,279.0,1
185241,386092,0.003584,1.0,279.0,1
386092,185241,0.003584,1.0,279.0,1
185241,41803,0.003584,1.0,279.0,1
41803,185241,0.003584,1.0,279.0,1
224818,386092,0.003584,1.0,279.0,1
386092,224818,0.003584,1.0,279.0,1
224818,41803,0.003584,1.0,279.0,1
41803,224818,0.003584,1.0,279.0,1
386092,41803,0.003584,1.0,279.0,1
41803,386092,0.003584,1.0,279.0,1
108096,138834,0.003584,1.0,279.0,1
138834,108096,0.003584,1.0,279.0,1
108096,222328,0.003584,1.0,279.0,1
222328,108096,0.003584,1.0,279.0,1
108096,265846,0.003584,1.0,279.0,1
265846,108096,0.003584,1.0,279.0,1
108096,276886,0.003584,1.0,279.0,1
276886,108096,0.003584,1.0,279.0,1
108096,296749,0.003584,1.0,279.0,1
296749,108096,0.003584,1.0,279.0,1
108096,310525,0.003584,1.0,279.0,1
310525,108096,0.003584,1.0,279.0,1
108096,406165,0.003584,1.0,279.0,1
406165,108096,0.003584,1.0,279.0,1
138834,222328,0.003584,1.0,279.0,1
222328,138834,0.003584,1.0,279.0,1
138834,265846,0.003584,1.0,279.0,1
265846,138834,0.003584,1.0,279.0,1
138834,276886,0.003584,1.0,279.0,1
276886,138834,0.003584,1.0,279.0,1
138834,296749,0.003584,1.0,279.0,1
296749,138834,0.003584,1.0,279.0,1
138834,310525,0.003584,1.0,279.0,1
310525,138834,0.003584,1.0,279.0,1
138834,406165,0.003584,1.0,279.0,1
406165,138834,0.003584,1.0,279.0,1
222328,265846,0.003584,1.0,279.0,1
265846,222328,0.003584,1.0,279.0,1
222328,276886,0.003584,1.0,279.0,1
276886,222328,0.003584,1.0,279.0,1
222328,296749,0.003584,1.0,279.0,1
296749,222328,0.003584,1.0,279.0,1
222328,310525,0.003584,1.0,279.0,1
310525,222328,0.003584,1.0,279.0,1
222328,406165,0.003584,1.0,279.0,1
406165,222328,0.003584,1.0,279.0,1
265846,276886,0.003584,1.0,279.0,1
276886,265846,0.003584,1.0,279.0,1
265846,296749,0.003584,1.0,279.0,1
296749,265846,0.003584,1.0,279.0,1
265846,310525,0.003584,1.0,279.0,1
310525,265846,0.003584,1.0,279.0,1
265846,406165,0.003584,1.0,279.0,1
406165,265846,0.003584,1.0,279.0,1
276886,296749,0.003584,1.0,279.0,1
296749,276886,0.003584,1.0,279.0,1
276886,310525,0.003584,1.0,279.0,1
310525,276886,0.003584,1.0,279.0,1
276886,406165,0.003584,1.0,279.0,1
406165,276886,0.003584,1.0,279.0,1
296749,310525,0.003584,1.0,279.0,1
310525,296749,0.003584,1.0,279.0,1
296749,406165,0.003584,1.0,279.0,1
406165,296749,0.003584,1.0,279.0,1
310525,406165,0.003584,1.0,279.0,1
406165,310525,0.003584,1.0,279.0,1
241523,250322,0.003584,1.0,279.0,1
250322,241523,0.003584,1.0,279.0,1
241523,273169,0.003584,1.0,279.0,1
273169,241523,0.003584,1.0,279.0,1
241523,301584,0.003584,1.0,279.0,1
301584,241523,0.003584,1.0,279.0,1
241523,358167,0.003584,1.0,279.0,1
358167,241523,0.003584,1.0,279.0,1
250322,273169,0.003584,1.0,279.0,1
273169,250322,0.003584,1.0,279.0,1
250322,301584,0.003584,1.0,279.0,1
301584,250322,0.003584,1.0,279.0,1
250322,358167,0.003584,1.0,279.0,1
358167,250322,0.003584,1.0,279.0,1
273169,301584,0.003584,1.0,279.0,1
301584,273169,0.003584,1.0,279.0,1
273169,358167,0.003584,1.0,279.0,1
358167,273169,0.003584,1.0,279.0,1
301584,358167,0.003584,1.0,279.0,1
358167,301584,0.003584,1.0,279.0,1
158808,229821,0.003584,1.0,279.0,1
229821,158808,0.003584,1.0,279.0,1
158808,244027,0.003584,1.0,279.0,1
244027,158808,0.003584,1.0,279.0,1
158808,2641,0.003584,1.0,279.0,1
2641,158808,0.003584,1.0,279.0,1
158808,309440,0.003584,1.0,279.0,1
309440,158808,0.003584,1.0,279.0,1
158808,31625,0.003584,1.0,279.0,1
31625,158808,0.003584,1.0,279.0,1
229821,244027,0.003584,1.0,279.0,1
244027,229821,0.003584,1.0,279.0,1
229821,2641,0.003584,1.0,279.0,1
2641,229821,0.003584,1.0,279.0,1
229821,309440,0.003584,1.0,279.0,1
309440,229821,0.003584,1.0,279.0,1
229821,31625,0.003584,1.0,279.0,1
31625,229821,0.003584,1.0,279.0,1
244027,2641,0.003584,1.0,279.0,1
2641,244027,0.003584,1.0,279.0,1
244027,309440,0.003584,1.0,279.0,1
309440,244027,0.003584,1.0,279.0,1
244027,31625,0.003584,1.0,279.0,1
31625,244027,0.003584,1.0,279.0,1
2641,309440,0.003584,1.0,279.0,1
309440,2641,0.003584,1.0,279.0,1
2641,31625,0.003584,1.0,279.0,1
31625,2641,0.003584,1.0,279.0,1
309440,31625,0.003584,1.0,279.0,1
31625,309440,0.003584,1.0,279.0,1
103221,439868,0.003584,1.0,279.0,1
439868,103221,0.003584,1.0,279.0,1
281854,328298,0.003584,1.0,279.0,1
328298,281854,0.003584,1.0,279.0,1
340377,443914,0.003584,1.0,279.0,1
443914,340377,0.003584,1.0,279.0,1
340377,458271,0.003584,1.0,279.0,1
458271,340377,0.003584,1.0,279.0,1
443914,458271,0.003584,1.0,279.0,1
458271,443914,0.003584,1.0,279.0,1
125906,81104,0.003584,1.0,279.0,1
81104,125906,0.003584,1.0,279.0,1
358731,445813,0.003584,1.0,279.0,1
445813,358731,0.003584,1.0,279.0,1
278208,448597,0.003584,1.0,279.0,1
448597,278208,0.003584,1.0,279.0,1
281480,443344,0.003584,1.0,279.0,1
443344,281480,0.003584,1.0,279.0,1
202052,44882,0.003584,1.0,279.0,1
44882,202052,0.003584,1.0,279.0,1
123995,164970,0.003584,1.0,279.0,1
164970,123995,0.003584,1.0,279.0,1
123995,351861,0.003584,1.0,279.0,1
351861,123995,0.003584,1.0,279.0,1
123995,443161,0.003584,1.0,279.0,1
443161,123995,0.003584,1.0,279.0,1
123995,6518,0.003584,1.0,279.0,1
6518,123995,0.003584,1.0,279.0,1
164970,351861,0.003584,1.0,279.0,1
351861,164970,0.003584,1.0,279.0,1
164970,443161,0.003584,1.0,279.0,1
443161,164970,0.003584,1.0,279.0,1
164970,6518,0.003584,1.0,279.0,1
6518,164970,0.003584,1.0,279.0,1
351861,443161,0.003584,1.0,279.0,1
443161,351861,0.003584,1.0,279.0,1
351861,6518,0.003584,1.0,279.0,1
6518,351861,0.003584,1.0,279.0,1
443161,6518,0.003584,1.0,279.0,1
6518,443161,0.003584,1.0,279.0,1
183756,362974,0.003584,1.0,279.0,1
362974,183756,0.003584,1.0,279.0,1
183756,446820,0.003584,1.0,279.0,1
446820,183756,0.003584,1.0,279.0,1
362974,446820,0.003584,1.0,279.0,1
446820,362974,0.003584,1.0,279.0,1
281103,99907,0.003584,1.0,279.0,1
99907,281103,0.003584,1.0,279.0,1
13280,191223,0.003584,1.0,279.0,1
191223,13280,0.003584,1.0,279.0,1
187602,210786,0.003584,1.0,279.0,1
210786,187602,0.003584,1.0,279.0,1
187602,455708,0.003584,1.0,279.0,1
455708,187602,0.003584,1.0,279.0,1
210786,455708,0.003584,1.0,279.0,1
455708,210786,0.003584,1.0,279.0,1
221794,286731,0.003584,1.0,279.0,1
286731,221794,0.003584,1.0,279.0,1
128816,191746,0.003584,1.0,279.0,1
191746,128816,0.003584,1.0,279.0,1
128816,348303,0.003584,1.0,279.0,1
348303,128816,0.003584,1.0,279.0,1
191746,348303,0.003584,1.0,279.0,1
348303,191746,0.003584,1.0,279.0,1
153830,401765,0.003584,1.0,279.0,1
401765,153830,0.003584,1.0,279.0,1
103645,130828,0.003584,1.0,279.0,1
130828,103645,0.003584,1.0,279.0,1
103645,352559,0.003584,1.0,279.0,1
352559,103645,0.003584,1.0,279.0,1
130828,352559,0.003584,1.0,279.0,1
352559,130828,0.003584,1.0,279.0,1
129010,273144,0.003584,1.0,279.0,1
273144,129010,0.003584,1.0,279.0,1
231313,329587,0.003584,1.0,279.0,1
329587,231313,0.003584,1.0,279.0,1
199279,283776,0.003584,1.0,279.0,1
283776,199279,0.003584,1.0,279.0,1
271685,453192,0.003584,1.0,279.0,1
453192,271685,0.003584,1.0,279.0,1
159822,87767,0.003584,1.0,279.0,1
87767,159822,0.003584,1.0,279.0,1
126252,244819,0.003584,1.0,279.0,1
244819,126252,0.003584,1.0,279.0,1
301013,362340,0.003584,1.0,279.0,1
362340,301013,0.003584,1.0,279.0,1
268755,63543,0.003584,1.0,279.0,1
63543,268755,0.003584,1.0,279.0,1
315545,86665,0.003584,1.0,279.0,1
86665,315545,0.003584,1.0,279.0,1
206218,57929,0.003584,1.0,279.0,1
57929,206218,0.003584,1.0,279.0,1
350384,380212,0.003584,1.0,279.0,1
380212,350384,0.003584,1.0,279.0,1
100898,207602,0.003584,1.0,279.0,1
207602,100898,0.003584,1.0,279.0,1
100898,228644,0.003584,1.0,279.0,1
228644,100898,0.003584,1.0,279.0,1
100898,246247,0.003584,1.0,279.0,1
246247,100898,0.003584,1.0,279.0,1
100898,338395,0.003584,1.0,279.0,1
338395,100898,0.003584,1.0,279.0,1
100898,358565,0.003584,1.0,279.0,1
358565,100898,0.003584,1.0,279.0,1
100898,439963,0.003584,1.0,279.0,1
439963,100898,0.003584,1.0,279.0,1
100898,46232,0.003584,1.0,279.0,1
46232,100898,0.003584,1.0,279.0,1
100898,463002,0.003584,1.0,279.0,1
463002,100898,0.003584,1.0,279.0,1
207602,228644,0.003584,1.0,279.0,1
228644,207602,0.003584,1.0,279.0,1
207602,246247,0.003584,1.0,279.0,1
246247,207602,0.003584,1.0,279.0,1
207602,338395,0.003584,1.0,279.0,1
338395,207602,0.003584,1.0,279.0,1
207602,358565,0.003584,1.0,279.0,1
358565,207602,0.003584,1.0,279.0,1
207602,439963,0.003584,1.0,279.0,1
439963,207602,0.003584,1.0,279.0,1
207602,46232,0.003584,1.0,279.0,1
46232,207602,0.003584,1.0,279.0,1
207602,463002,0.003584,1.0,279.0,1
463002,207602,0.003584,1.0,279.0,1
228644,246247,0.003584,1.0,279.0,1
246247,228644,0.003584,1.0,279.0,1
228644,338395,0.003584,1.0,279.0,1
338395,228644,0.003584,1.0,279.0,1
228644,358565,0.003584,1.0,279.0,1
358565,228644,0.003584,1.0,279.0,1
228644,439963,0.003584,1.0,279.0,1
439963,228644,0.003584,1.0,279.0,1
228644,46232,0.003584,1.0,279.0,1
46232,228644,0.003584,1.0,279.0,1
228644,463002,0.003584,1.0,279.0,1
463002,228644,0.003584,1.0,279.0,1
246247,338395,0.003584,1.0,279.0,1
338395,246247,0.003584,1.0,279.0,1
246247,358565,0.003584,1.0,279.0,1
358565,246247,0.003584,1.0,279.0,1
246247,439963,0.003584,1.0,279.0,1
439963,246247,0.003584,1.0,279.0,1
246247,46232,0.003584,1.0,279.0,1
46232,246247,0.003584,1.0,279.0,1
246247,463002,0.003584,1.0,279.0,1
463002,246247,0.003584,1.0,279.0,1
338395,358565,0.003584,1.0,279.0,1
358565,338395,0.003584,1.0,279.0,1
338395,439963,0.003584,1.0,279.0,1
439963,338395,0.003584,1.0,279.0,1
338395,46232,0.003584,1.0,279.0,1
46232,338395,0.003584,1.0,279.0,1
338395,463002,0.003584,1.0,279.0,1
463002,338395,0.003584,1.0,279.0,1
358565,439963,0.003584,1.0,279.0,1
439963,358565,0.003584,1.0,279.0,1
358565,46232,0.003584,1.0,279.0,1
46232,358565,0.003584,1.0,279.0,1
358565,463002,0.003584,1.0,279.0,1
463002,358565,0.003584,1.0,279.0,1
439963,46232,0.003584,1.0,279.0,1
46232,439963,0.003584,1.0,279.0,1
439963,463002,0.003584,1.0,279.0,1
463002,439963,0.003584,1.0,279.0,1
46232,463002,0.003584,1.0,279.0,1
463002,46232,0.003584,1.0,279.0,1
114115,116493,0.003584,1.0,279.0,1
116493,114115,0.003584,1.0,279.0,1
332005,464783,0.003584,1.0,279.0,1
464783,332005,0.003584,1.0,279.0,1
127688,288105,0.003584,1.0,279.0,1
288105,127688,0.003584,1.0,279.0,1
127688,331381,0.003584,1.0,279.0,1
331381,127688,0.003584,1.0,279.0,1
127688,42841,0.003584,1.0,279.0,1
42841,127688,0.003584,1.0,279.0,1
288105,331381,0.003584,1.0,279.0,1
331381,288105,0.003584,1.0,279.0,1
288105,42841,0.003584,1.0,279.0,1
42841,288105,0.003584,1.0,279.0,1
331381,42841,0.003584,1.0,279.0,1
42841,331381,0.003584,1.0,279.0,1
384453,385755,0.003584,1.0,279.0,1
385755,384453,0.003584,1.0,279.0,1
137169,169720,0.007168,1.0,139.5,2
169720,137169,0.007168,1.0,139.5,2
137169,193908,0.007168,1.0,139.5,2
193908,137169,0.007168,1.0,139.5,2
169720,193908,0.007168,1.0,139.5,2
193908,169720,0.007168,1.0,139.5,2
262699,39439,0.007168,1.0,139.5,2
39439,262699,0.007168,1.0,139.5,2
11711,228863,0.003584,1.0,139.5,1
228314,228863,0.003584,1.0,139.5,1
180199,228863,0.003584,1.0,139.5,1
248127,77733,0.003584,1.0,139.5,1
246130,150882,0.003584,1.0,139.5,1
263501,120098,0.003584,1.0,139.5,1
306494,120098,0.003584,1.0,139.5,1
388308,120098,0.003584,1.0,139.5,1
263501,273872,0.003584,1.0,139.5,1
306494,273872,0.003584,1.0,139.5,1
388308,273872,0.003584,1.0,139.5,1
354106,120098,0.003584,1.0,139.5,1
57686,260256,0.003584,1.0,139.5,1
263188,108021,0.003584,1.0,139.5,1
398907,172894,0.003584,1.0,139.5,1
110403,297884,0.003584,1.0,139.5,1
451388,297884,0.003584,1.0,139.5,1
210373,29539,0.003584,1.0,139.5,1
192043,125275,0.003584,1.0,139.5,1
266965,125275,0.003584,1.0,139.5,1
362495,125275,0.003584,1.0,139.5,1
219833,114070,0.003584,1.0,139.5,1
273652,114070,0.003584,1.0,139.5,1
297669,114070,0.003584,1.0,139.5,1
358482,114070,0.003584,1.0,139.5,1
387570,114070,0.003584,1.0,139.5,1
437051,114070,0.003584,1.0,139.5,1
167866,64377,0.003584,1.0,139.5,1
211299,64377,0.003584,1.0,139.5,1
254813,64377,0.003584,1.0,139.5,1
446522,64377,0.003584,1.0,139.5,1
46130,64377,0.003584,1.0,139.5,1
11250,64377,0.003584,1.0,139.5,1
14671,64377,0.003584,1.0,139.5,1
109239,330029,0.003584,1.0,139.5,1
185082,330029,0.003584,1.0,139.5,1
192003,330029,0.003584,1.0,139.5,1
211975,330029,0.003584,1.0,139.5,1
252023,330029,0.003584,1.0,139.5,1
259647,330029,0.003584,1.0,139.5,1
93829,330029,0.003584,1.0,139.5,1
133247,272455,0.003584,1.0,139.5,1
240004,272455,0.003584,1.0,139.5,1
50577,272455,0.003584,1.0,139.5,1
259092,303058,0.003584,1.0,139.5,1
132633,28789,0.003584,1.0,139.5,1
71233,150882,0.003584,1.0,139.5,1
312130,272455,0.003584,1.0,139.5,1
354176,272455,0.003584,1.0,139.5,1
424512,272455,0.003584,1.0,139.5,1
368060,37029,0.003584,1.0,139.5,1
271405,172894,0.003584,1.0,139.5,1
348326,301721,0.003584,1.0,139.5,1
377868,301721,0.003584,1.0,139.5,1
4067,301721,0.003584,1.0,139.5,1
173223,385520,0.003584,1.0,139.5,1
173223,81434,0.003584,1.0,139.5,1
245810,385520,0.003584,1.0,139.5,1
245810,81434,0.003584,1.0,139.5,1
398397,385520,0.003584,1.0,139.5,1
433697,385520,0.003584,1.0,139.5,1
442150,385520,0.003584,1.0,139.5,1
398397,81434,0.003584,1.0,139.5,1
433697,81434,0.003584,1.0,139.5,1
442150,81434,0.003584,1.0,139.5,1
112259,330029,0.003584,1.0,139.5,1
253315,330029,0.003584,1.0,139.5,1
249804,77733,0.003584,1.0,139.5,1
125799,18252,0.003584,1.0,139.5,1
125799,400946,0.003584,1.0,139.5,1
18717,18252,0.003584,1.0,139.5,1
368360,18252,0.003584,1.0,139.5,1
18717,400946,0.003584,1.0,139.5,1
368360,400946,0.003584,1.0,139.5,1
297292,260256,0.003584,1.0,139.5,1
248908,57389,0.003584,1.0,139.5,1
162411,57389,0.003584,1.0,139.5,1
276402,125275,0.003584,1.0,139.5,1
276402,171878,0.003584,1.0,139.5,1
147684,28789,0.003584,1.0,139.5,1
61203,235559,0.003584,1.0,139.5,1
265920,114070,0.003584,1.0,139.5,1
157150,235559,0.003584,1.0,139.5,1
453564,204209,0.003584,1.0,139.5,1
399192,448494,0.003584,1.0,139.5,1
115213,395952,0.003584,1.0,139.5,1
76121,395952,0.003584,1.0,139.5,1
122324,301721,0.003584,1.0,139.5,1
124065,400946,0.003584,1.0,139.5,1
269610,400946,0.003584,1.0,139.5,1
130599,137169,0.003584,1.0,139.5,1
130599,169720,0.003584,1.0,139.5,1
130599,193908,0.003584,1.0,139.5,1
130599,262699,0.003584,1.0,139.5,1
130599,39439,0.003584,1.0,139.5,1
185241,137169,0.003584,1.0,139.5,1
224818,137169,0.003584,1.0,139.5,1
386092,137169,0.003584,1.0,139.5,1
41803,137169,0.003584,1.0,139.5,1
185241,169720,0.003584,1.0,139.5,1
224818,169720,0.003584,1.0,139.5,1
386092,169720,0.003584,1.0,139.5,1
41803,169720,0.003584,1.0,139.5,1
185241,193908,0.003584,1.0,139.5,1
185241,262699,0.003584,1.0,139.5,1
185241,39439,0.003584,1.0,139.5,1
224818,193908,0.003584,1.0,139.5,1
386092,193908,0.003584,1.0,139.5,1
41803,193908,0.003584,1.0,139.5,1
224818,262699,0.003584,1.0,139.5,1
224818,39439,0.003584,1.0,139.5,1
386092,262699,0.003584,1.0,139.5,1
41803,262699,0.003584,1.0,139.5,1
386092,39439,0.003584,1.0,139.5,1
41803,39439,0.003584,1.0,139.5,1
108096,262699,0.003584,1.0,139.5,1
108096,39439,0.003584,1.0,139.5,1
138834,262699,0.003584,1.0,139.5,1
138834,39439,0.003584,1.0,139.5,1
222328,262699,0.003584,1.0,139.5,1
222328,39439,0.003584,1.0,139.5,1
265846,262699,0.003584,1.0,139.5,1
276886,262699,0.003584,1.0,139.5,1
296749,262699,0.003584,1.0,139.5,1
310525,262699,0.003584,1.0,139.5,1
406165,262699,0.003584,1.0,139.5,1
265846,39439,0.003584,1.0,139.5,1
276886,39439,0.003584,1.0,139.5,1
296749,39439,0.003584,1.0,139.5,1
310525,39439,0.003584,1.0,139.5,1
406165,39439,0.003584,1.0,139.5,1
250761,137169,0.003584,1.0,139.5,1
250761,169720,0.003584,1.0,139.5,1
250761,193908,0.003584,1.0,139.5,1
158808,220513,0.003584,1.0,139.5,1
229821,220513,0.003584,1.0,139.5,1
244027,220513,0.003584,1.0,139.5,1
2641,220513,0.003584,1.0,139.5,1
309440,220513,0.003584,1.0,139.5,1
31625,220513,0.003584,1.0,139.5,1
345694,37029,0.003584,1.0,139.5,1
281854,81434,0.003584,1.0,139.5,1
328298,81434,0.003584,1.0,139.5,1
340377,108021,0.003584,1.0,139.5,1
443914,108021,0.003584,1.0,139.5,1
458271,108021,0.003584,1.0,139.5,1
364875,385520,0.003584,1.0,139.5,1
382885,104560,0.003584,1.0,139.5,1
123995,104560,0.003584,1.0,139.5,1
164970,104560,0.003584,1.0,139.5,1
351861,104560,0.003584,1.0,139.5,1
443161,104560,0.003584,1.0,139.5,1
6518,104560,0.003584,1.0,139.5,1
113440,448494,0.003584,1.0,139.5,1
129010,85914,0.003584,1.0,139.5,1
273144,85914,0.003584,1.0,139.5,1
271685,18252,0.003584,1.0,139.5,1
453192,18252,0.003584,1.0,139.5,1
232172,273872,0.003584,1.0,139.5,1
173801,303058,0.003584,1.0,139.5,1
100898,220513,0.003584,1.0,139.5,1
207602,220513,0.003584,1.0,139.5,1
228644,220513,0.003584,1.0,139.5,1
246247,220513,0.003584,1.0,139.5,1
338395,220513,0.003584,1.0,139.5,1
358565,220513,0.003584,1.0,139.5,1
439963,220513,0.003584,1.0,139.5,1
46232,220513,0.003584,1.0,139.5,1
463002,220513,0.003584,1.0,139.5,1
228863,11711,0.003584,0.5,139.5,1
228863,228314,0.003584,0.5,139.5,1
228863,180199,0.003584,0.5,139.5,1
77733,248127,0.003584,0.5,139.5,1
150882,246130,0.003584,0.5,139.5,1
120098,263501,0.003584,0.5,139.5,1
120098,306494,0.003584,0.5,139.5,1
120098,388308,0.003584,0.5,139.5,1
273872,263501,0.003584,0.5,139.5,1
273872,306494,0.003584,0.5,139.5,1
273872,388308,0.003584,0.5,139.5,1
120098,354106,0.003584,0.5,139.5,1
260256,57686,0.003584,0.5,139.5,1
108021,263188,0.003584,0.5,139.5,1
172894,398907,0.003584,0.5,139.5,1
297884,110403,0.003584,0.5,139.5,1
297884,451388,0.003584,0.5,139.5,1
29539,210373,0.003584,0.5,139.5,1
125275,192043,0.003584,0.5,139.5,1
125275,266965,0.003584,0.5,139.5,1
125275,362495,0.003584,0.5,139.5,1
114070,219833,0.003584,0.5,139.5,1
114070,273652,0.003584,0.5,139.5,1
114070,297669,0.003584,0.5,139.5,1
114070,358482,0.003584,0.5,139.5,1
114070,387570,0.003584,0.5,139.5,1
114070,437051,0.003584,0.5,139.5,1
64377,167866,0.003584,0.5,139.5,1
64377,211299,0.003584,0.5,139.5,1
64377,254813,0.003584,0.5,139.5,1
64377,446522,0.003584,0.5,139.5,1
64377,46130,0.003584,0.5,139.5,1
64377,11250,0.003584,0.5,139.5,1
64377,14671,0.003584,0.5,139.5,1
330029,109239,0.003584,0.5,139.5,1
330029,185082,0.003584,0.5,139.5,1
330029,192003,0.003584,0.5,139.5,1
330029,211975,0.003584,0.5,139.5,1
330029,252023,0.003584,0.5,139.5,1
330029,259647,0.003584,0.5,139.5,1
330029,93829,0.003584,0.5,139.5,1
272455,133247,0.003584,0.5,139.5,1
272455,240004,0.003584,0.5,139.5,1
272455,50577,0.003584,0.5,139.5,1
303058,259092,0.003584,0.5,139.5,1
28789,132633,0.003584,0.5,139.5,1
150882,71233,0.003584,0.5,139.5,1
272455,312130,0.003584,0.5,139.5,1
272455,354176,0.003584,0.5,139.5,1
272455,424512,0.003584,0.5,139.5,1
37029,368060,0.003584,0.5,139.5,1
172894,271405,0.003584,0.5,139.5,1
301721,348326,0.003584,0.5,139.5,1
301721,377868,0.003584,0.5,139.5,1
301721,4067,0.003584,0.5,139.5,1
385520,173223,0.003584,0.5,139.5,1
81434,173223,0.003584,0.5,139.5,1
385520,245810,0.003584,0.5,139.5,1
81434,245810,0.003584,0.5,139.5,1
385520,398397,0.003584,0.5,139.5,1
385520,433697,0.003584,0.5,139.5,1
385520,442150,0.003584,0.5,139.5,1
81434,398397,0.003584,0.5,139.5,1
81434,433697,0.003584,0.5,139.5,1
81434,442150,0.003584,0.5,139.5,1
330029,112259,0.003584,0.5,139.5,1
330029,253315,0.003584,0.5,139.5,1
77733,249804,0.003584,0.5,139.5,1
18252,125799,0.003584,0.5,139.5,1
400946,125799,0.003584,0.5,139.5,1
18252,18717,0.003584,0.5,139.5,1
18252,368360,0.003584,0.5,139.5,1
400946,18717,0.003584,0.5,139.5,1
400946,368360,0.003584,0.5,139.5,1
260256,297292,0.003584,0.5,139.5,1
57389,248908,0.003584,0.5,139.5,1
57389,162411,0.003584,0.5,139.5,1
125275,276402,0.003584,0.5,139.5,1
171878,276402,0.003584,0.5,139.5,1
28789,147684,0.003584,0.5,139.5,1
235559,61203,0.003584,0.5,139.5,1
114070,265920,0.003584,0.5,139.5,1
235559,157150,0.003584,0.5,139.5,1
204209,453564,0.003584,0.5,139.5,1
448494,399192,0.003584,0.5,139.5,1
395952,115213,0.003584,0.5,139.5,1
395952,76121,0.003584,0.5,139.5,1
301721,122324,0.003584,0.5,139.5,1
400946,124065,0.003584,0.5,139.5,1
400946,269610,0.003584,0.5,139.5,1
137169,130599,0.003584,0.5,139.5,1
169720,130599,0.003584,0.5,139.5,1
193908,130599,0.003584,0.5,139.5,1
262699,130599,0.003584,0.5,139.5,1
39439,130599,0.003584,0.5,139.5,1
137169,185241,0.003584,0.5,139.5,1
137169,224818,0.003584,0.5,139.5,1
137169,386092,0.003584,0.5,139.5,1
137169,41803,0.003584,0.5,139.5,1
169720,185241,0.003584,0.5,139.5,1
169720,224818,0.003584,0.5,139.5,1
169720,386092,0.003584,0.5,139.5,1
169720,41803,0.003584,0.5,139.5,1
193908,185241,0.003584,0.5,139.5,1
262699,185241,0.003584,0.5,139.5,1
39439,185241,0.003584,0.5,139.5,1
193908,224818,0.003584,0.5,139.5,1
193908,386092,0.003584,0.5,139.5,1
193908,41803,0.003584,0.5,139.5,1
262699,224818,0.003584,0.5,139.5,1
39439,224818,0.003584,0.5,139.5,1
262699,386092,0.003584,0.5,139.5,1
262699,41803,0.003584,0.5,139.5,1
39439,386092,0.003584,0.5,139.5,1
39439,41803,0.003584,0.5,139.5,1
262699,108096,0.003584,0.5,139.5,1
39439,108096,0.003584,0.5,139.5,1
262699,138834,0.003584,0.5,139.5,1
39439,138834,0.003584,0.5,139.5,1
262699,222328,0.003584,0.5,139.5,1
39439,222328,0.003584,0.5,139.5,1
262699,265846,0.003584,0.5,139.5,1
262699,276886,0.003584,0.5,139.5,1
262699,296749,0.003584,0.5,139.5,1
262699,310525,0.003584,0.5,139.5,1
262699,406165,0.003584,0.5,139.5,1
39439,265846,0.003584,0.5,139.5,1
39439,276886,0.003584,0.5,139.5,1
39439,296749,0.003584,0.5,139.5,1
39439,310525,0.003584,0.5,139.5,1
39439,406165,0.003584,0.5,139.5,1
137169,250761,0.003584,0.5,139.5,1
169720,250761,0.003584,0.5,139.5,1
193908,250761,0.003584,0.5,139.5,1
220513,158808,0.003584,0.5,139.5,1
220513,229821,0.003584,0.5,139.5,1
220513,244027,0.003584,0.5,139.5,1
220513,2641,0.003584,0.5,139.5,1
220513,309440,0.003584,0.5,139.5,1
220513,31625,0.003584,0.5,139.5,1
37029,345694,0.003584,0.5,139.5,1
81434,281854,0.003584,0.5,139.5,1
81434,328298,0.003584,0.5,139.5,1
108021,340377,0.003584,0.5,139.5,1
108021,443914,0.003584,0.5,139.5,1
108021,458271,0.003584,0.5,139.5,1
385520,364875,0.003584,0.5,139.5,1
104560,382885,0.003584,0.5,139.5,1
104560,123995,0.003584,0.5,139.5,1
104560,164970,0.003584,0.5,139.5,1
104560,351861,0.003584,0.5,139.5,1
104560,443161,0.003584,0.5,139.5,1
104560,6518,0.003584,0.5,139.5,1
448494,113440,0.003584,0.5,139.5,1
85914,129010,0.003584,0.5,139.5,1
85914,273144,0.003584,0.5,139.5,1
18252,271685,0.003584,0.5,139.5,1
18252,453192,0.003584,0.5,139.5,1
273872,232172,0.003584,0.5,139.5,1
303058,173801,0.003584,0.5,139.5,1
220513,100898,0.003584,0.5,139.5,1
220513,207602,0.003584,0.5,139.5,1
220513,228644,0.003584,0.5,139.5,1
220513,246247,0.003584,0.5,139.5,1
220513,338395,0.003584,0.5,139.5,1
220513,358565,0.003584,0.5,139.5,1
220513,439963,0.003584,0.5,139.5,1
220513,46232,0.003584,0.5,139.5,1
220513,463002,0.003584,0.5,139.5,1
379520,432171,0.007168,1.0,93.0,2
171878,461686,0.007168,1.0,93.0,2
54698,449391,0.007168,1.0,93.0,2
137169,82340,0.007168,1.0,93.0,2
169720,82340,0.007168,1.0,93.0,2
193908,82340,0.007168,1.0,93.0,2
11711,334401,0.003584,1.0,93.0,1
228314,334401,0.003584,1.0,93.0,1
407078,456056,0.003584,1.0,93.0,1
134108,216266,0.003584,1.0,93.0,1
210408,216266,0.003584,1.0,93.0,1
35245,308648,0.003584,1.0,93.0,1
269773,432171,0.003584,1.0,93.0,1
396853,186702,0.003584,1.0,93.0,1
283269,334401,0.003584,1.0,93.0,1
172103,449391,0.003584,1.0,93.0,1
78268,449391,0.003584,1.0,93.0,1
249804,186702,0.003584,1.0,93.0,1
307355,456056,0.003584,1.0,93.0,1
124006,334401,0.003584,1.0,93.0,1
234207,334401,0.003584,1.0,93.0,1
276402,461686,0.003584,1.0,93.0,1
136329,456056,0.003584,1.0,93.0,1
449559,456056,0.003584,1.0,93.0,1
130599,82340,0.003584,1.0,93.0,1
185241,82340,0.003584,1.0,93.0,1
224818,82340,0.003584,1.0,93.0,1
386092,82340,0.003584,1.0,93.0,1
41803,82340,0.003584,1.0,93.0,1
250761,82340,0.003584,1.0,93.0,1
187609,82340,0.003584,1.0,93.0,1
172309,308648,0.003584,1.0,93.0,1
279402,461686,0.003584,1.0,93.0,1
85334,186702,0.003584,1.0,93.0,1
432171,379520,0.007168,0.666667,93.0,2
461686,171878,0.007168,0.666667,93.0,2
449391,54698,0.007168,0.666667,93.0,2
82340,137169,0.007168,0.666667,93.0,2
82340,169720,0.007168,0.666667,93.0,2
82340,193908,0.007168,0.666667,93.0,2
334401,11711,0.003584,0.333333,93.0,1
334401,228314,0.003584,0.333333,93.0,1
456056,407078,0.003584,0.333333,93.0,1
216266,134108,0.003584,0.333333,93.0,1
216266,210408,0.003584,0.333333,93.0,1
308648,35245,0.003584,0.333333,93.0,1
432171,269773,0.003584,0.333333,93.0,1
186702,396853,0.003584,0.333333,93.0,1
334401,283269,0.003584,0.333333,93.0,1
449391,172103,0.003584,0.333333,93.0,1
449391,78268,0.003584,0.333333,93.0,1
186702,249804,0.003584,0.333333,93.0,1
456056,307355,0.003584,0.333333,93.0,1
334401,124006,0.003584,0.333333,93.0,1
334401,234207,0.003584,0.333333,93.0,1
461686,276402,0.003584,0.333333,93.0,1
456056,136329,0.003584,0.333333,93.0,1
456056,449559,0.003584,0.333333,93.0,1
82340,130599,0.003584,0.333333,93.0,1
82340,185241,0.003584,0.333333,93.0,1
82340,224818,0.003584,0.333333,93.0,1
82340,386092,0.003584,0.333333,93.0,1
82340,41803,0.003584,0.333333,93.0,1
82340,250761,0.003584,0.333333,93.0,1
82340,187609,0.003584,0.333333,93.0,1
308648,172309,0.003584,0.333333,93.0,1
461686,279402,0.003584,0.333333,93.0,1
186702,85334,0.003584,0.333333,93.0,1
346892,213834,0.007168,1.0,69.75,2
284463,213834,0.003584,1.0,69.75,1
440128,213834,0.003584,1.0,69.75,1
213834,346892,0.007168,0.5,69.75,2
120098,273872,0.003584,0.5,69.75,1
273872,120098,0.003584,0.5,69.75,1
385520,81434,0.003584,0.5,69.75,1
81434,385520,0.003584,0.5,69.75,1
204209,85914,0.003584,0.5,69.75,1
85914,204209,0.003584,0.5,69.75,1
18252,400946,0.003584,0.5,69.75,1
400946,18252,0.003584,0.5,69.75,1
125275,171878,0.003584,0.5,69.75,1
171878,125275,0.003584,0.5,69.75,1
137169,262699,0.003584,0.5,69.75,1
262699,137169,0.003584,0.5,69.75,1
137169,39439,0.003584,0.5,69.75,1
39439,137169,0.003584,0.5,69.75,1
169720,262699,0.003584,0.5,69.75,1
262699,169720,0.003584,0.5,69.75,1
169720,39439,0.003584,0.5,69.75,1
39439,169720,0.003584,0.5,69.75,1
193908,262699,0.003584,0.5,69.75,1
262699,193908,0.003584,0.5,69.75,1
193908,39439,0.003584,0.5,69.75,1
39439,193908,0.003584,0.5,69.75,1
213834,284463,0.003584,0.25,69.75,1
213834,440128,0.003584,0.25,69.75,1
262699,256146,0.007168,1.0,55.8,2
39439,256146,0.007168,1.0,55.8,2
354106,140527,0.003584,1.0,55.8,1
354106,256146,0.003584,1.0,55.8,1
148707,140527,0.003584,1.0,55.8,1
138114,140527,0.003584,1.0,55.8,1
380971,256146,0.003584,1.0,55.8,1
86691,256146,0.003584,1.0,55.8,1
125799,140527,0.003584,1.0,55.8,1
18717,140527,0.003584,1.0,55.8,1
368360,140527,0.003584,1.0,55.8,1
465511,140527,0.003584,1.0,55.8,1
130599,256146,0.003584,1.0,55.8,1
185241,256146,0.003584,1.0,55.8,1
224818,256146,0.003584,1.0,55.8,1
386092,256146,0.003584,1.0,55.8,1
41803,256146,0.003584,1.0,55.8,1
108096,256146,0.003584,1.0,55.8,1
138834,256146,0.003584,1.0,55.8,1
222328,256146,0.003584,1.0,55.8,1
265846,256146,0.003584,1.0,55.8,1
276886,256146,0.003584,1.0,55.8,1
296749,256146,0.003584,1.0,55.8,1
310525,256146,0.003584,1.0,55.8,1
406165,256146,0.003584,1.0,55.8,1
232172,256146,0.003584,1.0,55.8,1
256146,262699,0.007168,0.4,55.8,2
256146,39439,0.007168,0.4,55.8,2
140527,354106,0.003584,0.2,55.8,1
256146,354106,0.003584,0.2,55.8,1
140527,148707,0.003584,0.2,55.8,1
140527,138114,0.003584,0.2,55.8,1
256146,380971,0.003584,0.2,55.8,1
256146,86691,0.003584,0.2,55.8,1
140527,125799,0.003584,0.2,55.8,1
140527,18717,0.003584,0.2,55.8,1
140527,368360,0.003584,0.2,55.8,1
140527,465511,0.003584,0.2,55.8,1
256146,130599,0.003584,0.2,55.8,1
256146,185241,0.003584,0.2,55.8,1
256146,224818,0.003584,0.2,55.8,1
256146,386092,0.003584,0.2,55.8,1
256146,41803,0.003584,0.2,55.8,1
256146,108096,0.003584,0.2,55.8,1
256146,138834,0.003584,0.2,55.8,1
256146,222328,0.003584,0.2,55.8,1
256146,265846,0.003584,0.2,55.8,1
256146,276886,0.003584,0.2,55.8,1
256146,296749,0.003584,0.2,55.8,1
256146,310525,0.003584,0.2,55.8,1
256146,406165,0.003584,0.2,55.8,1
256146,232172,0.003584,0.2,55.8,1
228863,334401,0.003584,0.5,46.5,1
29539,216266,0.003584,0.5,46.5,1
77733,186702,0.003584,0.5,46.5,1
125275,461686,0.003584,0.5,46.5,1
262699,82340,0.003584,0.5,46.5,1
39439,82340,0.003584,0.5,46.5,1
334401,228863,0.003584,0.333333,46.5,1
216266,29539,0.003584,0.333333,46.5,1
186702,77733,0.003584,0.333333,46.5,1
461686,125275,0.003584,0.333333,46.5,1
82340,262699,0.003584,0.333333,46.5,1
82340,39439,0.003584,0.333333,46.5,1
216266,308648,0.003584,0.333333,31.0,1
308648,216266,0.003584,0.333333,31.0,1
120098,140527,0.003584,0.5,27.9,1
120098,256146,0.003584,0.5,27.9,1
18252,140527,0.003584,0.5,27.9,1
400946,140527,0.003584,0.5,27.9,1
137169,256146,0.003584,0.5,27.9,1
169720,256146,0.003584,0.5,27.9,1
193908,256146,0.003584,0.5,27.9,1
273872,256146,0.003584,0.5,27.9,1
140527,120098,0.003584,0.2,27.9,1
256146,120098,0.003584,0.2,27.9,1
140527,18252,0.003584,0.2,27.9,1
140527,400946,0.003584,0.2,27.9,1
256146,137169,0.003584,0.2,27.9,1
256146,169720,0.003584,0.2,27.9,1
256146,193908,0.003584,0.2,27.9,1
256146,273872,0.003584,0.2,27.9,1
130709,119736,0.007168,1.0,23.25,2
431472,119736,0.003584,1.0,23.25,1
414654,119736,0.003584,1.0,23.25,1
249804,119736,0.003584,1.0,23.25,1
65540,119736,0.003584,1.0,23.25,1
160272,119736,0.003584,1.0,23.25,1
204494,119736,0.003584,1.0,23.25,1
355994,119736,0.003584,1.0,23.25,1
305520,119736,0.003584,1.0,23.25,1
147879,119736,0.003584,1.0,23.25,1
458637,119736,0.003584,1.0,23.25,1
119736,130709,0.007168,0.166667,23.25,2
119736,431472,0.003584,0.083333,23.25,1
119736,414654,0.003584,0.083333,23.25,1
119736,249804,0.003584,0.083333,23.25,1
119736,65540,0.003584,0.083333,23.25,1
119736,160272,0.003584,0.083333,23.25,1
119736,204494,0.003584,0.083333,23.25,1
119736,355994,0.003584,0.083333,23.25,1
119736,305520,0.003584,0.083333,23.25,1
119736,147879,0.003584,0.083333,23.25,1
119736,458637,0.003584,0.083333,23.25,1
82340,256146,0.003584,0.333333,18.6,1
256146,82340,0.003584,0.2,18.6,1
77733,119736,0.003584,0.5,11.625,1
119736,77733,0.003584,0.083333,11.625,1
140527,256146,0.003584,0.2,11.16,1
256146,140527,0.003584,0.2,11.16,1
186702,119736,0.003584,0.333333,7.75,1
119736,186702,0.003584,0.083333,7.75,1
