customer_id,last_order_time,recency_days,frequency,monetary,r_score,f_score,m_score,rfm_score,segment_name,cart,purchase,view,favorite,unique_product_count,conversion_rate,cluster_id,cluster_name
198270,2015-09-16 19:33:55.166,2.0,39.0,41.0,5.0,5.0,5.0,15.0,high_value,44,41,287,0,274,0.14285714285714285,4,growth_potential
247235,2015-09-14 19:49:42.276,4.0,47.0,48.0,5.0,5.0,5.0,15.0,high_value,50,48,547,0,486,0.08775137111517367,4,growth_potential
518659,2015-09-07 23:14:35.467,11.0,9.0,15.0,5.0,5.0,5.0,15.0,high_value,30,15,621,0,409,0.024154589371980676,4,growth_potential
645525,2015-09-07 00:00:28.216,12.0,40.0,45.0,5.0,5.0,5.0,15.0,high_value,47,45,480,0,421,0.09375,4,growth_potential
994820,2015-09-14 02:54:16.527,4.0,29.0,29.0,5.0,5.0,5.0,15.0,high_value,42,29,565,0,463,0.05132743362831858,4,growth_potential
1297062,2015-08-03 21:51:53.721,46.0,49.0,53.0,4.0,5.0,5.0,14.0,high_value,69,53,629,0,579,0.08426073131955485,4,growth_potential
705542,2015-08-05 18:54:36.577,44.0,26.0,30.0,4.0,5.0,5.0,14.0,high_value,42,30,267,0,278,0.11235955056179775,4,growth_potential
757355,2015-07-24 15:42:57.145,56.0,44.0,47.0,4.0,5.0,5.0,14.0,high_value,52,47,418,0,396,0.11244019138755981,4,growth_potential
861299,2015-08-19 02:23:13.383,31.0,61.0,71.0,4.0,5.0,5.0,14.0,high_value,87,71,625,0,591,0.1136,4,growth_potential
890980,2015-07-28 23:02:41.701,52.0,45.0,47.0,4.0,5.0,5.0,14.0,high_value,97,47,277,0,279,0.16967509025270758,4,growth_potential
895999,2015-09-17 18:17:22.926,1.0,9.0,9.0,5.0,5.0,4.0,14.0,high_value,20,9,949,0,802,0.009483667017913594,4,growth_potential
138131,2015-07-02 15:55:18.473,78.0,60.0,66.0,3.0,5.0,5.0,13.0,ordinary,73,66,496,0,473,0.13306451612903225,4,growth_potential
316850,2015-08-24 16:38:35.429,25.0,7.0,7.0,5.0,4.0,4.0,13.0,high_value,17,7,639,0,481,0.010954616588419406,4,growth_potential
371606,2015-07-19 19:31:54.774,61.0,38.0,42.0,3.0,5.0,5.0,13.0,ordinary,45,42,830,0,719,0.05060240963855422,4,growth_potential
684514,2015-07-06 19:10:30.658,74.0,66.0,70.0,3.0,5.0,5.0,13.0,ordinary,80,70,698,0,615,0.10028653295128939,4,growth_potential
765630,2015-06-25 02:40:29.050,86.0,11.0,17.0,3.0,5.0,5.0,13.0,ordinary,23,17,452,0,387,0.03761061946902655,4,growth_potential
836635,2015-07-04 18:03:45.689,76.0,29.0,30.0,3.0,5.0,5.0,13.0,ordinary,58,30,683,0,554,0.043923865300146414,4,growth_potential
1161163,2015-06-18 18:05:07.000,92.0,49.0,51.0,2.0,5.0,5.0,12.0,sleeping,51,51,595,0,516,0.08571428571428572,4,growth_potential
163561,2015-06-03 16:27:19.131,107.0,29.0,31.0,2.0,5.0,5.0,12.0,sleeping,52,31,854,0,698,0.03629976580796253,4,growth_potential
286616,2015-06-06 19:46:50.602,104.0,26.0,29.0,2.0,5.0,5.0,12.0,sleeping,49,29,825,0,642,0.03515151515151515,4,growth_potential
350566,2015-06-02 01:29:27.481,109.0,41.0,46.0,2.0,5.0,5.0,12.0,sleeping,62,46,538,0,479,0.08550185873605948,4,growth_potential
76757,2015-06-24 00:08:25.775,87.0,68.0,77.0,2.0,5.0,5.0,12.0,sleeping,117,77,523,0,512,0.14722753346080306,4,growth_potential
53842,2015-05-21 01:31:18.453,121.0,27.0,29.0,1.0,5.0,5.0,11.0,sleeping,24,29,281,0,273,0.10320284697508897,4,growth_potential
809822,2015-05-27 00:53:42.827,115.0,27.0,28.0,1.0,5.0,5.0,11.0,sleeping,29,28,292,0,266,0.0958904109589041,4,growth_potential
892013,,0.0,0.0,0.0,,,,0.0,,1,0,798,0,733,0.0,4,growth_potential
1150086,2015-09-14 22:52:16.478,4.0,209.0,224.0,5.0,5.0,5.0,15.0,high_value,277,224,2484,0,2078,0.09017713365539452,2,high_value
152963,2015-09-18 02:43:12.017,1.0,121.0,134.0,5.0,5.0,5.0,15.0,high_value,141,134,928,0,884,0.14439655172413793,2,high_value
530559,2015-09-12 23:16:45.863,6.0,101.0,113.0,5.0,5.0,5.0,15.0,high_value,157,113,1384,0,1180,0.08164739884393063,2,high_value
171718,2015-09-11 15:04:05.760,7.0,9.0,13.0,5.0,5.0,5.0,15.0,high_value,18,13,53,0,58,0.24528301886792453,3,ordinary
17676,2015-08-21 18:28:39.794,28.0,15.0,15.0,5.0,5.0,5.0,15.0,high_value,22,15,67,0,78,0.22388059701492538,3,ordinary
303381,2015-08-26 17:46:02.063,23.0,17.0,20.0,5.0,5.0,5.0,15.0,high_value,24,20,95,0,106,0.21052631578947367,3,ordinary
569539,2015-09-18 00:21:24.439,1.0,22.0,30.0,5.0,5.0,5.0,15.0,high_value,39,30,86,0,117,0.3488372093023256,3,ordinary
899857,2015-09-10 17:21:53.597,8.0,22.0,28.0,5.0,5.0,5.0,15.0,high_value,45,28,133,0,124,0.21052631578947367,3,ordinary
1042112,2015-08-20 18:03:29.416,29.0,5.0,10.0,5.0,4.0,5.0,14.0,high_value,6,10,17,0,21,0.5882352941176471,3,ordinary
1385073,2015-08-12 17:10:20.472,37.0,29.0,36.0,4.0,5.0,5.0,14.0,high_value,42,36,117,0,135,0.3076923076923077,3,ordinary
1352044,2015-08-28 23:15:39.412,21.0,5.0,6.0,5.0,4.0,4.0,13.0,high_value,5,6,10,0,14,0.6,3,ordinary
1365706,2015-08-24 18:39:47.794,25.0,4.0,5.0,5.0,4.0,4.0,13.0,high_value,7,5,19,0,21,0.2631578947368421,3,ordinary
48820,2015-07-23 02:20:16.808,58.0,4.0,11.0,4.0,4.0,5.0,13.0,high_value,21,11,33,0,31,0.3333333333333333,3,ordinary
686012,2015-08-16 15:53:32.259,33.0,9.0,9.0,4.0,5.0,4.0,13.0,high_value,15,9,34,0,40,0.2647058823529412,3,ordinary
896347,2015-08-24 13:51:33.804,25.0,6.0,9.0,5.0,4.0,4.0,13.0,high_value,5,9,39,0,35,0.23076923076923078,3,ordinary
1363612,2015-09-10 15:25:32.514,8.0,3.0,4.0,5.0,4.0,3.0,12.0,ordinary,4,4,14,0,16,0.2857142857142857,3,ordinary
177211,2015-09-01 05:01:43.575,17.0,2.0,5.0,5.0,3.0,4.0,12.0,key_development,3,5,15,0,10,0.3333333333333333,3,ordinary
438441,2015-06-04 23:48:19.004,106.0,17.0,24.0,2.0,5.0,5.0,12.0,sleeping,14,24,87,0,89,0.27586206896551724,3,ordinary
729150,2015-09-16 21:26:24.073,2.0,2.0,7.0,5.0,3.0,4.0,12.0,key_development,7,7,26,0,33,0.2692307692307692,3,ordinary
1167457,2015-06-20 14:37:42.180,90.0,8.0,15.0,2.0,4.0,5.0,11.0,sleeping,11,15,34,0,24,0.4411764705882353,3,ordinary
1190855,2015-06-15 06:57:56.630,95.0,3.0,10.0,2.0,4.0,5.0,11.0,sleeping,6,10,18,0,22,0.5555555555555556,3,ordinary
1212999,2015-06-08 17:25:06.396,102.0,3.0,11.0,2.0,4.0,5.0,11.0,sleeping,12,11,11,0,20,1.0,3,ordinary
1179005,2015-07-27 04:12:25.970,53.0,1.0,7.0,4.0,2.0,4.0,10.0,key_development,7,7,19,0,21,0.3684210526315789,3,ordinary
723092,2015-06-02 21:39:50.513,108.0,3.0,6.0,2.0,4.0,4.0,10.0,sleeping,5,6,15,0,16,0.4,3,ordinary
761482,2015-05-14 18:05:25.116,127.0,3.0,28.0,1.0,4.0,5.0,10.0,sleeping,30,28,22,0,41,1.2727272727272727,3,ordinary
1352334,2015-05-17 21:19:09.509,124.0,4.0,7.0,1.0,4.0,4.0,9.0,sleeping,9,7,18,0,15,0.3888888888888889,3,ordinary
331925,2015-08-18 16:22:21.023,31.0,1.0,3.0,4.0,2.0,3.0,9.0,potential,8,3,11,0,15,0.2727272727272727,3,ordinary
536804,2015-07-07 16:19:03.490,73.0,2.0,4.0,3.0,3.0,3.0,9.0,ordinary,6,4,12,0,21,0.3333333333333333,3,ordinary
109357,2015-05-29 23:56:29.791,112.0,2.0,9.0,1.0,3.0,4.0,8.0,sleeping,16,9,17,0,21,0.5294117647058824,3,ordinary
1161968,2015-05-09 16:02:28.916,132.0,3.0,3.0,1.0,4.0,3.0,8.0,sleeping,22,3,6,0,25,0.5,3,ordinary
822310,2015-06-11 20:35:46.209,99.0,1.0,6.0,2.0,2.0,4.0,8.0,churn_risk,6,6,10,0,12,0.6,3,ordinary
478054,2015-05-27 21:53:42.235,114.0,1.0,5.0,1.0,2.0,4.0,7.0,churn_risk,4,5,8,0,10,0.625,3,ordinary
763257,2015-05-28 03:42:17.418,113.0,1.0,5.0,1.0,2.0,4.0,7.0,churn_risk,15,5,14,0,26,0.35714285714285715,3,ordinary
1126569,2015-09-14 19:38:57.598,4.0,15.0,15.0,5.0,5.0,5.0,15.0,high_value,19,15,332,0,312,0.045180722891566265,1,sleeping_or_churn
1165148,2015-09-17 02:12:26.060,2.0,14.0,14.0,5.0,5.0,5.0,15.0,high_value,10,14,318,0,289,0.0440251572327044,1,sleeping_or_churn
173863,2015-09-15 16:44:24.346,3.0,15.0,16.0,5.0,5.0,5.0,15.0,high_value,8,16,289,0,257,0.05536332179930796,1,sleeping_or_churn
1293358,2015-08-04 17:03:45.834,45.0,17.0,17.0,4.0,5.0,5.0,14.0,high_value,33,17,247,0,231,0.06882591093117409,1,sleeping_or_churn
218648,2015-08-13 17:26:29.849,36.0,10.0,10.0,4.0,5.0,5.0,14.0,high_value,8,10,87,0,76,0.11494252873563218,1,sleeping_or_churn
477826,2015-07-27 00:16:44.844,54.0,9.0,10.0,4.0,5.0,5.0,14.0,high_value,21,10,239,0,217,0.04184100418410042,1,sleeping_or_churn
797409,2015-08-18 01:42:31.521,32.0,14.0,15.0,4.0,5.0,5.0,14.0,high_value,14,15,89,0,88,0.16853932584269662,1,sleeping_or_churn
1075423,2015-06-27 23:43:30.599,83.0,12.0,14.0,3.0,5.0,5.0,13.0,ordinary,18,14,142,0,149,0.09859154929577464,1,sleeping_or_churn
1108631,2015-08-13 16:56:58.122,36.0,9.0,9.0,4.0,5.0,4.0,13.0,high_value,13,9,175,0,174,0.05142857142857143,1,sleeping_or_churn
1336835,2015-09-14 19:43:04.109,4.0,4.0,6.0,5.0,4.0,4.0,13.0,high_value,36,6,258,0,218,0.023255813953488372,1,sleeping_or_churn
248679,2015-07-02 21:21:25.631,78.0,12.0,12.0,3.0,5.0,5.0,13.0,ordinary,12,12,97,0,94,0.12371134020618557,1,sleeping_or_churn
42552,2015-09-07 04:08:50.345,11.0,3.0,5.0,5.0,4.0,4.0,13.0,high_value,0,5,53,0,48,0.09433962264150944,1,sleeping_or_churn
519839,2015-07-12 02:51:42.534,68.0,17.0,20.0,3.0,5.0,5.0,13.0,ordinary,20,20,241,0,216,0.08298755186721991,1,sleeping_or_churn
548772,2015-06-26 15:13:07.093,84.0,17.0,19.0,3.0,5.0,5.0,13.0,ordinary,18,19,271,0,247,0.07011070110701106,1,sleeping_or_churn
686854,2015-08-27 22:56:51.241,22.0,4.0,7.0,5.0,4.0,4.0,13.0,high_value,11,7,51,0,49,0.13725490196078433,1,sleeping_or_churn
863219,2015-07-14 19:45:12.773,66.0,11.0,11.0,3.0,5.0,5.0,13.0,ordinary,15,11,226,0,203,0.048672566371681415,1,sleeping_or_churn
952246,2015-07-14 20:51:58.170,66.0,17.0,18.0,3.0,5.0,5.0,13.0,ordinary,34,18,182,0,178,0.0989010989010989,1,sleeping_or_churn
974226,2015-07-17 02:16:19.013,64.0,11.0,23.0,3.0,5.0,5.0,13.0,ordinary,24,23,226,0,210,0.10176991150442478,1,sleeping_or_churn
996879,2015-07-01 22:53:44.452,79.0,10.0,12.0,3.0,5.0,5.0,13.0,ordinary,14,12,109,0,105,0.11009174311926606,1,sleeping_or_churn
101175,2015-08-17 19:00:16.861,32.0,4.0,7.0,4.0,4.0,4.0,12.0,high_value,8,7,54,0,39,0.12962962962962962,1,sleeping_or_churn
1065255,2015-06-17 16:17:01.389,93.0,14.0,14.0,2.0,5.0,5.0,12.0,sleeping,19,14,121,0,116,0.11570247933884298,1,sleeping_or_churn
1076366,2015-07-26 07:38:46.727,54.0,4.0,7.0,4.0,4.0,4.0,12.0,high_value,4,7,46,0,36,0.15217391304347827,1,sleeping_or_churn
1093035,2015-06-10 21:44:52.154,100.0,20.0,22.0,2.0,5.0,5.0,12.0,sleeping,26,22,176,0,171,0.125,1,sleeping_or_churn
1122870,2015-09-11 19:00:14.951,7.0,3.0,3.0,5.0,4.0,3.0,12.0,ordinary,4,3,26,0,22,0.11538461538461539,1,sleeping_or_churn
1134975,2015-07-28 00:45:40.868,53.0,8.0,8.0,4.0,4.0,4.0,12.0,high_value,32,8,103,0,87,0.07766990291262135,1,sleeping_or_churn
1143383,2015-06-14 19:51:08.953,96.0,22.0,23.0,2.0,5.0,5.0,12.0,sleeping,26,23,232,0,218,0.09913793103448276,1,sleeping_or_churn
1178073,2015-08-08 20:36:16.129,41.0,4.0,5.0,4.0,4.0,4.0,12.0,high_value,6,5,28,0,28,0.17857142857142858,1,sleeping_or_churn
1197343,2015-08-13 19:37:26.012,36.0,3.0,7.0,4.0,4.0,4.0,12.0,high_value,9,7,32,0,38,0.21875,1,sleeping_or_churn
1210136,2015-08-31 21:21:52.559,18.0,3.0,3.0,5.0,4.0,3.0,12.0,ordinary,8,3,18,0,19,0.16666666666666666,1,sleeping_or_churn
1313381,2015-09-01 22:23:34.081,17.0,3.0,3.0,5.0,4.0,3.0,12.0,ordinary,1,3,200,0,136,0.015,1,sleeping_or_churn
1376763,2015-07-23 01:56:58.559,58.0,4.0,5.0,4.0,4.0,4.0,12.0,high_value,6,5,125,0,109,0.04,1,sleeping_or_churn
1403769,2015-08-10 23:09:43.993,39.0,6.0,6.0,4.0,4.0,4.0,12.0,high_value,9,6,153,0,120,0.0392156862745098,1,sleeping_or_churn
174972,2015-07-27 09:19:21.293,53.0,6.0,7.0,4.0,4.0,4.0,12.0,high_value,8,7,73,0,29,0.0958904109589041,1,sleeping_or_churn
175801,2015-07-24 21:18:25.840,56.0,5.0,6.0,4.0,4.0,4.0,12.0,high_value,7,6,41,0,41,0.14634146341463414,1,sleeping_or_churn
198153,2015-09-03 22:56:50.110,15.0,4.0,4.0,5.0,4.0,3.0,12.0,ordinary,11,4,186,0,159,0.021505376344086023,1,sleeping_or_churn
371604,2015-06-18 00:31:00.003,93.0,19.0,19.0,2.0,5.0,5.0,12.0,sleeping,22,19,251,0,234,0.07569721115537849,1,sleeping_or_churn
404403,2015-06-01 19:34:43.751,109.0,13.0,16.0,2.0,5.0,5.0,12.0,sleeping,29,16,190,0,185,0.08421052631578947,1,sleeping_or_churn
416496,2015-07-21 18:06:31.353,59.0,5.0,5.0,4.0,4.0,4.0,12.0,high_value,77,5,132,0,80,0.03787878787878788,1,sleeping_or_churn
57905,2015-06-03 17:53:27.678,107.0,13.0,13.0,2.0,5.0,5.0,12.0,sleeping,15,13,248,0,214,0.05241935483870968,1,sleeping_or_churn
643768,2015-09-04 21:52:53.871,14.0,3.0,3.0,5.0,4.0,3.0,12.0,ordinary,8,3,24,0,24,0.125,1,sleeping_or_churn
724618,2015-09-11 18:59:09.136,7.0,3.0,3.0,5.0,4.0,3.0,12.0,ordinary,1,3,26,0,23,0.11538461538461539,1,sleeping_or_churn
748040,2015-06-13 00:03:10.869,98.0,10.0,11.0,2.0,5.0,5.0,12.0,sleeping,15,11,145,0,139,0.07586206896551724,1,sleeping_or_churn
841939,2015-06-09 23:52:57.641,101.0,12.0,13.0,2.0,5.0,5.0,12.0,sleeping,18,13,88,0,93,0.14772727272727273,1,sleeping_or_churn
892355,2015-06-15 18:13:02.335,95.0,15.0,15.0,2.0,5.0,5.0,12.0,sleeping,20,15,130,0,108,0.11538461538461539,1,sleeping_or_churn
904351,2015-08-19 16:05:02.360,30.0,6.0,7.0,4.0,4.0,4.0,12.0,high_value,14,7,75,0,69,0.09333333333333334,1,sleeping_or_churn
964794,2015-08-09 23:28:38.144,40.0,7.0,8.0,4.0,4.0,4.0,12.0,high_value,5,8,58,0,59,0.13793103448275862,1,sleeping_or_churn
971454,2015-09-16 23:47:14.467,2.0,3.0,4.0,5.0,4.0,3.0,12.0,ordinary,4,4,235,0,199,0.01702127659574468,1,sleeping_or_churn
1015139,2015-07-09 17:43:00.858,71.0,6.0,6.0,3.0,4.0,4.0,11.0,ordinary,4,6,181,0,162,0.03314917127071823,1,sleeping_or_churn
1035814,2015-05-13 22:55:50.103,128.0,11.0,12.0,1.0,5.0,5.0,11.0,sleeping,16,12,87,0,95,0.13793103448275862,1,sleeping_or_churn
1255456,2015-07-07 01:13:51.985,74.0,7.0,8.0,3.0,4.0,4.0,11.0,ordinary,11,8,76,0,76,0.10526315789473684,1,sleeping_or_churn
222046,2015-07-03 17:04:13.694,77.0,7.0,9.0,3.0,4.0,4.0,11.0,ordinary,7,9,38,0,22,0.23684210526315788,1,sleeping_or_churn
227091,2015-05-22 19:27:10.015,119.0,15.0,15.0,1.0,5.0,5.0,11.0,sleeping,32,15,215,0,202,0.06976744186046512,1,sleeping_or_churn
254328,2015-07-16 05:32:43.916,64.0,3.0,6.0,3.0,4.0,4.0,11.0,ordinary,5,6,36,0,31,0.16666666666666666,1,sleeping_or_churn
346597,2015-07-01 18:58:17.963,79.0,3.0,5.0,3.0,4.0,4.0,11.0,ordinary,4,5,63,0,55,0.07936507936507936,1,sleeping_or_churn
389532,2015-05-21 17:40:49.855,120.0,12.0,16.0,1.0,5.0,5.0,11.0,sleeping,15,16,305,0,259,0.05245901639344262,1,sleeping_or_churn
457547,2015-07-10 13:29:22.913,70.0,3.0,5.0,3.0,4.0,4.0,11.0,ordinary,16,5,68,0,44,0.07352941176470588,1,sleeping_or_churn
475172,2015-08-31 14:45:38.705,18.0,2.0,4.0,5.0,3.0,3.0,11.0,potential,6,4,41,0,46,0.0975609756097561,1,sleeping_or_churn
547506,2015-07-07 20:01:14.342,73.0,4.0,5.0,3.0,4.0,4.0,11.0,ordinary,14,5,85,0,75,0.058823529411764705,1,sleeping_or_churn
582933,2015-07-20 23:00:31.082,60.0,8.0,8.0,3.0,4.0,4.0,11.0,ordinary,3,8,79,0,75,0.10126582278481013,1,sleeping_or_churn
615132,2015-08-08 01:08:59.044,42.0,3.0,3.0,4.0,4.0,3.0,11.0,ordinary,6,3,176,0,149,0.017045454545454544,1,sleeping_or_churn
750601,2015-05-26 23:16:25.584,115.0,17.0,19.0,1.0,5.0,5.0,11.0,sleeping,20,19,124,0,120,0.1532258064516129,1,sleeping_or_churn
85734,2015-07-14 18:08:15.402,66.0,6.0,6.0,3.0,4.0,4.0,11.0,ordinary,10,6,583,0,518,0.010291595197255575,1,sleeping_or_churn
1124964,2015-07-09 21:42:22.983,71.0,2.0,5.0,3.0,3.0,4.0,10.0,ordinary,8,5,33,0,29,0.15151515151515152,1,sleeping_or_churn
1188952,2015-08-26 17:39:38.172,23.0,2.0,2.0,5.0,3.0,2.0,10.0,potential,5,2,38,0,40,0.05263157894736842,1,sleeping_or_churn
1336520,2015-06-22 18:12:49.861,88.0,5.0,5.0,2.0,4.0,4.0,10.0,sleeping,6,5,65,0,61,0.07692307692307693,1,sleeping_or_churn
1341202,2015-06-05 22:52:25.271,105.0,5.0,6.0,2.0,4.0,4.0,10.0,sleeping,7,6,29,0,32,0.20689655172413793,1,sleeping_or_churn
1378697,2015-09-07 19:50:45.494,11.0,2.0,2.0,5.0,3.0,2.0,10.0,potential,3,2,23,0,13,0.08695652173913043,1,sleeping_or_churn
150651,2015-07-30 00:48:53.707,51.0,2.0,3.0,4.0,3.0,3.0,10.0,potential,6,3,17,0,19,0.17647058823529413,1,sleeping_or_churn
152693,2015-08-19 23:35:50.142,30.0,2.0,3.0,4.0,3.0,3.0,10.0,potential,1,3,77,0,69,0.03896103896103896,1,sleeping_or_churn
213145,2015-06-08 21:12:00.980,102.0,7.0,8.0,2.0,4.0,4.0,10.0,sleeping,24,8,132,0,122,0.06060606060606061,1,sleeping_or_churn
429035,2015-08-12 21:45:16.964,37.0,2.0,3.0,4.0,3.0,3.0,10.0,potential,12,3,26,0,21,0.11538461538461539,1,sleeping_or_churn
475479,2015-07-22 22:13:34.534,58.0,2.0,3.0,4.0,3.0,3.0,10.0,potential,7,3,164,0,137,0.018292682926829267,1,sleeping_or_churn
503857,2015-06-04 22:00:51.534,106.0,7.0,7.0,2.0,4.0,4.0,10.0,sleeping,14,7,70,0,72,0.1,1,sleeping_or_churn
541474,2015-08-27 16:36:59.237,22.0,2.0,2.0,5.0,3.0,2.0,10.0,potential,2,2,12,0,10,0.16666666666666666,1,sleeping_or_churn
673572,2015-06-02 19:13:03.650,108.0,5.0,5.0,2.0,4.0,4.0,10.0,sleeping,6,5,159,0,143,0.031446540880503145,1,sleeping_or_churn
737053,2015-09-13 15:07:44.715,5.0,2.0,2.0,5.0,3.0,2.0,10.0,potential,5,2,395,0,321,0.005063291139240506,1,sleeping_or_churn
748562,2015-09-17 15:17:41.050,1.0,2.0,2.0,5.0,3.0,2.0,10.0,potential,9,2,37,0,41,0.05405405405405406,1,sleeping_or_churn
794751,2015-08-25 16:37:04.235,24.0,2.0,2.0,5.0,3.0,2.0,10.0,potential,3,2,31,0,25,0.06451612903225806,1,sleeping_or_churn
824082,2015-09-13 16:52:49.342,5.0,2.0,2.0,5.0,3.0,2.0,10.0,potential,2,2,32,0,24,0.0625,1,sleeping_or_churn
824842,2015-06-11 18:50:01.962,99.0,6.0,8.0,2.0,4.0,4.0,10.0,sleeping,45,8,148,0,98,0.05405405405405406,1,sleeping_or_churn
972071,2015-07-30 04:03:18.812,50.0,2.0,3.0,4.0,3.0,3.0,10.0,potential,6,3,20,0,17,0.15,1,sleeping_or_churn
1116948,2015-05-13 21:59:43.816,128.0,7.0,7.0,1.0,4.0,4.0,9.0,sleeping,9,7,133,0,116,0.05263157894736842,1,sleeping_or_churn
1129614,2015-09-11 20:40:08.626,7.0,1.0,2.0,5.0,2.0,2.0,9.0,potential,3,2,28,0,26,0.07142857142857142,1,sleeping_or_churn
115257,2015-08-07 07:28:05.795,42.0,1.0,4.0,4.0,2.0,3.0,9.0,potential,2,4,25,0,17,0.16,1,sleeping_or_churn
1169689,2015-08-07 19:05:16.611,42.0,1.0,4.0,4.0,2.0,3.0,9.0,potential,5,4,22,0,18,0.18181818181818182,1,sleeping_or_churn
1169956,2015-07-05 22:50:23.019,75.0,2.0,3.0,3.0,3.0,3.0,9.0,ordinary,2,3,23,0,17,0.13043478260869565,1,sleeping_or_churn
1187986,2015-08-22 20:16:30.487,27.0,1.0,2.0,5.0,2.0,2.0,9.0,potential,4,2,24,0,15,0.08333333333333333,1,sleeping_or_churn
1220372,2015-07-26 02:54:12.624,54.0,2.0,2.0,4.0,3.0,2.0,9.0,potential,3,2,33,0,29,0.06060606060606061,1,sleeping_or_churn
1243262,2015-08-07 01:19:55.949,43.0,2.0,2.0,4.0,3.0,2.0,9.0,potential,0,2,44,0,22,0.045454545454545456,1,sleeping_or_churn
1248805,2015-07-07 01:30:40.918,74.0,2.0,3.0,3.0,3.0,3.0,9.0,ordinary,2,3,16,0,14,0.1875,1,sleeping_or_churn
1254379,2015-08-05 22:28:32.405,44.0,1.0,4.0,4.0,2.0,3.0,9.0,potential,6,4,26,0,22,0.15384615384615385,1,sleeping_or_churn
1350190,2015-07-19 20:12:07.205,61.0,2.0,3.0,3.0,3.0,3.0,9.0,ordinary,1,3,19,0,16,0.15789473684210525,1,sleeping_or_churn
1367426,2015-08-11 22:44:46.650,38.0,1.0,3.0,4.0,2.0,3.0,9.0,potential,6,3,52,0,39,0.057692307692307696,1,sleeping_or_churn
227781,2015-09-11 05:47:54.911,7.0,1.0,2.0,5.0,2.0,2.0,9.0,potential,7,2,21,0,24,0.09523809523809523,1,sleeping_or_churn
262357,2015-08-15 01:29:50.231,35.0,2.0,2.0,4.0,3.0,2.0,9.0,potential,3,2,54,0,24,0.037037037037037035,1,sleeping_or_churn
345276,2015-06-17 23:32:03.926,93.0,4.0,4.0,2.0,4.0,3.0,9.0,sleeping,7,4,72,0,71,0.05555555555555555,1,sleeping_or_churn
379932,2015-05-05 23:20:50.498,136.0,6.0,7.0,1.0,4.0,4.0,9.0,sleeping,8,7,40,0,47,0.175,1,sleeping_or_churn
485689,2015-07-28 15:49:49.376,52.0,2.0,2.0,4.0,3.0,2.0,9.0,potential,3,2,169,0,143,0.011834319526627219,1,sleeping_or_churn
546086,2015-08-26 00:38:53.500,24.0,1.0,2.0,5.0,2.0,2.0,9.0,potential,2,2,95,0,91,0.021052631578947368,1,sleeping_or_churn
565903,2015-07-25 18:39:52.236,55.0,1.0,3.0,4.0,2.0,3.0,9.0,potential,7,3,14,0,20,0.21428571428571427,1,sleeping_or_churn
566009,2015-07-27 23:52:29.396,53.0,2.0,2.0,4.0,3.0,2.0,9.0,potential,5,2,59,0,55,0.03389830508474576,1,sleeping_or_churn
693709,2015-08-13 17:35:03.947,36.0,2.0,2.0,4.0,3.0,2.0,9.0,potential,5,2,151,0,133,0.013245033112582781,1,sleeping_or_churn
6958,2015-07-10 01:18:58.320,71.0,2.0,4.0,3.0,3.0,3.0,9.0,ordinary,79,4,29,0,24,0.13793103448275862,1,sleeping_or_churn
710338,2015-05-07 20:53:24.312,134.0,6.0,6.0,1.0,4.0,4.0,9.0,sleeping,6,6,102,0,94,0.058823529411764705,1,sleeping_or_churn
75424,2015-08-20 15:58:33.701,29.0,1.0,2.0,5.0,2.0,2.0,9.0,potential,4,2,28,0,17,0.07142857142857142,1,sleeping_or_churn
760430,2015-09-05 20:17:26.172,13.0,1.0,2.0,5.0,2.0,2.0,9.0,potential,2,2,45,0,34,0.044444444444444446,1,sleeping_or_churn
805204,2015-07-10 16:52:44.937,70.0,2.0,3.0,3.0,3.0,3.0,9.0,ordinary,5,3,28,0,23,0.10714285714285714,1,sleeping_or_churn
819547,2015-05-27 15:03:32.372,114.0,4.0,6.0,1.0,4.0,4.0,9.0,sleeping,5,6,32,0,24,0.1875,1,sleeping_or_churn
820159,2015-06-01 21:31:56.927,109.0,3.0,4.0,2.0,4.0,3.0,9.0,sleeping,3,4,55,0,50,0.07272727272727272,1,sleeping_or_churn
829289,2015-05-26 21:32:22.696,115.0,8.0,9.0,1.0,4.0,4.0,9.0,sleeping,8,9,101,0,89,0.0891089108910891,1,sleeping_or_churn
837377,2015-07-26 04:39:07.455,54.0,1.0,3.0,4.0,2.0,3.0,9.0,potential,2,3,18,0,21,0.16666666666666666,1,sleeping_or_churn
895969,2015-07-22 20:07:54.261,58.0,2.0,2.0,4.0,3.0,2.0,9.0,potential,0,2,24,0,15,0.08333333333333333,1,sleeping_or_churn
935325,2015-05-07 15:39:59.036,134.0,5.0,6.0,1.0,4.0,4.0,9.0,sleeping,10,6,118,0,104,0.05084745762711865,1,sleeping_or_churn
1000306,2015-08-28 18:42:07.114,21.0,1.0,1.0,5.0,2.0,1.0,8.0,potential,10,1,151,0,109,0.006622516556291391,1,sleeping_or_churn
1003939,2015-08-24 16:28:05.528,25.0,1.0,1.0,5.0,2.0,1.0,8.0,potential,0,1,28,0,22,0.03571428571428571,1,sleeping_or_churn
1005558,2015-05-15 19:28:54.109,126.0,3.0,3.0,1.0,4.0,3.0,8.0,sleeping,4,3,15,0,13,0.2,1,sleeping_or_churn
103637,2015-07-20 04:36:05.010,60.0,2.0,2.0,3.0,3.0,2.0,8.0,ordinary,3,2,19,0,18,0.10526315789473684,1,sleeping_or_churn
1076479,2015-09-03 05:31:53.628,15.0,1.0,1.0,5.0,2.0,1.0,8.0,potential,1,1,23,0,16,0.043478260869565216,1,sleeping_or_churn
1101747,2015-07-30 02:53:18.170,50.0,1.0,2.0,4.0,2.0,2.0,8.0,potential,8,2,41,0,26,0.04878048780487805,1,sleeping_or_churn
1185234,2015-05-15 23:06:20.829,126.0,3.0,3.0,1.0,4.0,3.0,8.0,sleeping,4,3,140,0,104,0.02142857142857143,1,sleeping_or_churn
1340078,2015-08-30 12:43:31.194,19.0,1.0,1.0,5.0,2.0,1.0,8.0,potential,1,1,29,0,14,0.034482758620689655,1,sleeping_or_churn
1353280,2015-08-27 18:00:12.138,22.0,1.0,1.0,5.0,2.0,1.0,8.0,potential,1,1,23,0,2,0.043478260869565216,1,sleeping_or_churn
1357083,2015-06-26 18:19:48.110,84.0,2.0,2.0,3.0,3.0,2.0,8.0,ordinary,0,2,48,0,44,0.041666666666666664,1,sleeping_or_churn
1358147,2015-05-24 01:11:41.357,118.0,4.0,4.0,1.0,4.0,3.0,8.0,sleeping,9,4,17,0,22,0.23529411764705882,1,sleeping_or_churn
166590,2015-07-07 23:37:52.461,73.0,2.0,2.0,3.0,3.0,2.0,8.0,ordinary,1,2,24,0,10,0.08333333333333333,1,sleeping_or_churn
191637,2015-08-24 15:45:26.332,25.0,1.0,1.0,5.0,2.0,1.0,8.0,potential,1,1,20,0,16,0.05,1,sleeping_or_churn
21712,2015-06-27 21:36:01.288,83.0,1.0,3.0,3.0,2.0,3.0,8.0,ordinary,5,3,12,0,13,0.25,1,sleeping_or_churn
218828,2015-08-27 20:09:22.368,22.0,1.0,1.0,5.0,2.0,1.0,8.0,potential,7,1,223,0,214,0.004484304932735426,1,sleeping_or_churn
233979,2015-06-17 19:13:47.370,93.0,1.0,7.0,2.0,2.0,4.0,8.0,churn_risk,5,7,76,0,78,0.09210526315789473,1,sleeping_or_churn
244468,2015-07-19 23:18:35.930,61.0,2.0,2.0,3.0,3.0,2.0,8.0,ordinary,2,2,33,0,26,0.06060606060606061,1,sleeping_or_churn
244756,2015-08-23 02:20:54.592,27.0,1.0,1.0,5.0,2.0,1.0,8.0,potential,2,1,160,0,134,0.00625,1,sleeping_or_churn
269127,2015-05-22 21:26:56.317,119.0,2.0,5.0,1.0,3.0,4.0,8.0,sleeping,13,5,72,0,54,0.06944444444444445,1,sleeping_or_churn
283553,2015-09-06 09:02:06.661,12.0,1.0,1.0,5.0,2.0,1.0,8.0,potential,4,1,36,0,19,0.027777777777777776,1,sleeping_or_churn
339526,2015-08-26 03:38:13.332,23.0,1.0,1.0,5.0,2.0,1.0,8.0,potential,23,1,32,0,28,0.03125,1,sleeping_or_churn
379058,2015-06-14 20:05:50.165,96.0,1.0,6.0,2.0,2.0,4.0,8.0,churn_risk,10,6,54,0,40,0.1111111111111111,1,sleeping_or_churn
407882,2015-07-17 12:51:28.162,63.0,2.0,2.0,3.0,3.0,2.0,8.0,ordinary,0,2,32,0,26,0.0625,1,sleeping_or_churn
427504,2015-09-02 05:00:24.342,16.0,1.0,1.0,5.0,2.0,1.0,8.0,potential,2,1,27,0,17,0.037037037037037035,1,sleeping_or_churn
509017,2015-09-01 17:53:51.839,17.0,1.0,1.0,5.0,2.0,1.0,8.0,potential,1,1,21,0,3,0.047619047619047616,1,sleeping_or_churn
528074,2015-06-16 14:22:43.210,94.0,2.0,3.0,2.0,3.0,3.0,8.0,sleeping,2,3,17,0,8,0.17647058823529413,1,sleeping_or_churn
542702,2015-05-15 22:46:58.391,126.0,3.0,3.0,1.0,4.0,3.0,8.0,sleeping,6,3,47,0,46,0.06382978723404255,1,sleeping_or_churn
547852,2015-05-27 23:13:31.510,114.0,3.0,3.0,1.0,4.0,3.0,8.0,sleeping,7,3,56,0,58,0.05357142857142857,1,sleeping_or_churn
55389,2015-05-19 01:54:02.572,123.0,3.0,3.0,1.0,4.0,3.0,8.0,sleeping,4,3,84,0,80,0.03571428571428571,1,sleeping_or_churn
565978,2015-08-31 21:20:47.924,18.0,1.0,1.0,5.0,2.0,1.0,8.0,potential,5,1,198,0,171,0.005050505050505051,1,sleeping_or_churn
591869,2015-05-31 22:29:28.852,110.0,4.0,4.0,1.0,4.0,3.0,8.0,sleeping,6,4,253,0,209,0.015810276679841896,1,sleeping_or_churn
658626,2015-09-05 13:51:46.527,13.0,1.0,1.0,5.0,2.0,1.0,8.0,potential,4,1,16,0,13,0.0625,1,sleeping_or_churn
672218,2015-07-23 23:13:26.136,57.0,1.0,2.0,4.0,2.0,2.0,8.0,potential,9,2,59,0,34,0.03389830508474576,1,sleeping_or_churn
771571,2015-06-27 06:47:18.851,83.0,2.0,2.0,3.0,3.0,2.0,8.0,ordinary,1,2,33,0,23,0.06060606060606061,1,sleeping_or_churn
896066,2015-09-11 16:30:39.539,7.0,1.0,1.0,5.0,2.0,1.0,8.0,potential,8,1,157,0,147,0.006369426751592357,1,sleeping_or_churn
915126,2015-05-25 20:03:18.437,116.0,3.0,3.0,1.0,4.0,3.0,8.0,sleeping,2,3,65,0,42,0.046153846153846156,1,sleeping_or_churn
927838,2015-05-26 15:29:22.310,115.0,3.0,3.0,1.0,4.0,3.0,8.0,sleeping,2,3,19,0,15,0.15789473684210525,1,sleeping_or_churn
1008739,2015-07-29 20:42:12.092,51.0,1.0,1.0,4.0,2.0,1.0,7.0,potential,2,1,21,0,16,0.047619047619047616,1,sleeping_or_churn
1103914,2015-07-18 19:11:57.333,62.0,1.0,2.0,3.0,2.0,2.0,7.0,ordinary,6,2,36,0,31,0.05555555555555555,1,sleeping_or_churn
1104027,2015-07-24 18:00:48.552,56.0,1.0,1.0,4.0,2.0,1.0,7.0,potential,3,1,30,0,33,0.03333333333333333,1,sleeping_or_churn
1170165,2015-07-30 03:12:04.213,50.0,1.0,1.0,4.0,2.0,1.0,7.0,potential,1,1,29,0,14,0.034482758620689655,1,sleeping_or_churn
1229029,2015-08-19 23:10:28.490,30.0,1.0,1.0,4.0,2.0,1.0,7.0,potential,11,1,28,0,32,0.03571428571428571,1,sleeping_or_churn
1235292,2015-06-01 18:40:18.951,109.0,1.0,4.0,2.0,2.0,3.0,7.0,churn_risk,7,4,15,0,16,0.26666666666666666,1,sleeping_or_churn
12356,2015-07-30 04:36:35.775,50.0,1.0,1.0,4.0,2.0,1.0,7.0,potential,0,1,28,0,25,0.03571428571428571,1,sleeping_or_churn
1243048,2015-08-15 03:47:00.248,34.0,1.0,1.0,4.0,2.0,1.0,7.0,potential,0,1,23,0,22,0.043478260869565216,1,sleeping_or_churn
1254716,2015-06-03 01:24:40.187,108.0,1.0,3.0,2.0,2.0,3.0,7.0,churn_risk,4,3,33,0,22,0.09090909090909091,1,sleeping_or_churn
1287670,2015-06-17 02:38:00.602,94.0,2.0,2.0,2.0,3.0,2.0,7.0,sleeping,2,2,37,0,35,0.05405405405405406,1,sleeping_or_churn
1301173,2015-07-14 00:21:28.545,67.0,1.0,2.0,3.0,2.0,2.0,7.0,ordinary,0,2,42,0,25,0.047619047619047616,1,sleeping_or_churn
1356496,2015-06-23 17:02:11.235,87.0,2.0,2.0,2.0,3.0,2.0,7.0,sleeping,4,2,47,0,39,0.0425531914893617,1,sleeping_or_churn
1369328,2015-08-09 03:44:56.337,40.0,1.0,1.0,4.0,2.0,1.0,7.0,potential,0,1,88,0,4,0.011363636363636364,1,sleeping_or_churn
168685,2015-06-03 02:39:18.897,108.0,2.0,2.0,2.0,3.0,2.0,7.0,sleeping,4,2,50,0,11,0.04,1,sleeping_or_churn
22990,2015-05-31 22:17:22.500,110.0,2.0,3.0,1.0,3.0,3.0,7.0,sleeping,5,3,13,0,13,0.23076923076923078,1,sleeping_or_churn
234593,2015-08-09 11:34:50.085,40.0,1.0,1.0,4.0,2.0,1.0,7.0,potential,1,1,25,0,23,0.04,1,sleeping_or_churn
331366,2015-07-24 15:41:28.168,56.0,1.0,1.0,4.0,2.0,1.0,7.0,potential,1,1,29,0,23,0.034482758620689655,1,sleeping_or_churn
341900,2015-07-22 23:53:33.747,58.0,1.0,1.0,4.0,2.0,1.0,7.0,potential,4,1,42,0,36,0.023809523809523808,1,sleeping_or_churn
358516,2015-06-08 17:17:05.298,102.0,2.0,2.0,2.0,3.0,2.0,7.0,sleeping,5,2,65,0,62,0.03076923076923077,1,sleeping_or_churn
361041,2015-08-19 15:15:48.102,30.0,1.0,1.0,4.0,2.0,1.0,7.0,potential,0,1,157,0,120,0.006369426751592357,1,sleeping_or_churn
481437,2015-07-23 01:52:27.608,58.0,1.0,1.0,4.0,2.0,1.0,7.0,potential,7,1,16,0,21,0.0625,1,sleeping_or_churn
524146,2015-07-04 06:47:36.359,76.0,1.0,2.0,3.0,2.0,2.0,7.0,ordinary,2,2,162,0,128,0.012345679012345678,1,sleeping_or_churn
529925,2015-06-17 16:57:51.826,93.0,1.0,3.0,2.0,2.0,3.0,7.0,churn_risk,1,3,28,0,26,0.10714285714285714,1,sleeping_or_churn
530033,2015-06-05 02:47:31.996,105.0,2.0,2.0,2.0,3.0,2.0,7.0,sleeping,4,2,129,0,113,0.015503875968992248,1,sleeping_or_churn
531661,2015-06-07 22:40:24.966,103.0,2.0,2.0,2.0,3.0,2.0,7.0,sleeping,2,2,102,0,91,0.0196078431372549,1,sleeping_or_churn
572806,2015-07-31 18:04:48.108,49.0,1.0,1.0,4.0,2.0,1.0,7.0,potential,3,1,24,0,18,0.041666666666666664,1,sleeping_or_churn
894153,2015-07-23 19:16:36.710,57.0,1.0,1.0,4.0,2.0,1.0,7.0,potential,1,1,22,0,17,0.045454545454545456,1,sleeping_or_churn
947389,2015-07-01 05:26:30.163,79.0,1.0,2.0,3.0,2.0,2.0,7.0,ordinary,2,2,30,0,21,0.06666666666666667,1,sleeping_or_churn
960004,2015-06-06 23:16:38.049,104.0,2.0,2.0,2.0,3.0,2.0,7.0,sleeping,4,2,48,0,45,0.041666666666666664,1,sleeping_or_churn
1010711,2015-06-21 21:19:45.443,89.0,1.0,2.0,2.0,2.0,2.0,6.0,churn_risk,4,2,24,0,19,0.08333333333333333,1,sleeping_or_churn
1071308,2015-06-26 04:54:18.767,84.0,1.0,1.0,3.0,2.0,1.0,6.0,ordinary,3,1,49,0,31,0.02040816326530612,1,sleeping_or_churn
1176826,2015-07-10 17:35:05.012,70.0,1.0,1.0,3.0,2.0,1.0,6.0,ordinary,3,1,36,0,37,0.027777777777777776,1,sleeping_or_churn
1260481,2015-07-16 17:34:21.113,64.0,1.0,1.0,3.0,2.0,1.0,6.0,ordinary,2,1,22,0,17,0.045454545454545456,1,sleeping_or_churn
1262190,2015-07-13 10:40:56.757,67.0,1.0,1.0,3.0,2.0,1.0,6.0,ordinary,4,1,17,0,10,0.058823529411764705,1,sleeping_or_churn
1317721,2015-06-04 16:44:58.968,106.0,1.0,2.0,2.0,2.0,2.0,6.0,churn_risk,2,2,19,0,19,0.10526315789473684,1,sleeping_or_churn
1330764,2015-06-28 22:41:46.929,82.0,1.0,1.0,3.0,2.0,1.0,6.0,ordinary,6,1,90,0,73,0.011111111111111112,1,sleeping_or_churn
1369915,2015-07-19 19:39:28.464,61.0,1.0,1.0,3.0,2.0,1.0,6.0,ordinary,0,1,17,0,9,0.058823529411764705,1,sleeping_or_churn
241145,2015-07-18 22:45:55.824,62.0,1.0,1.0,3.0,2.0,1.0,6.0,ordinary,1,1,18,0,15,0.05555555555555555,1,sleeping_or_churn
264190,2015-07-19 17:31:30.313,61.0,1.0,1.0,3.0,2.0,1.0,6.0,ordinary,1,1,37,0,32,0.02702702702702703,1,sleeping_or_churn
285368,2015-06-20 01:14:35.870,91.0,1.0,2.0,2.0,2.0,2.0,6.0,churn_risk,2,2,66,0,5,0.030303030303030304,1,sleeping_or_churn
340753,2015-07-01 16:43:31.446,79.0,1.0,1.0,3.0,2.0,1.0,6.0,ordinary,1,1,26,0,3,0.038461538461538464,1,sleeping_or_churn
433583,2015-06-26 17:10:59.002,84.0,1.0,1.0,3.0,2.0,1.0,6.0,ordinary,3,1,48,0,33,0.020833333333333332,1,sleeping_or_churn
460601,2015-06-13 00:18:32.526,98.0,1.0,2.0,2.0,2.0,2.0,6.0,churn_risk,4,2,25,0,15,0.08,1,sleeping_or_churn
480744,2015-05-26 02:56:35.842,115.0,1.0,3.0,1.0,2.0,3.0,6.0,churn_risk,7,3,21,0,15,0.14285714285714285,1,sleeping_or_churn
496313,2015-07-20 23:40:54.040,60.0,1.0,1.0,3.0,2.0,1.0,6.0,ordinary,0,1,20,0,16,0.05,1,sleeping_or_churn
527815,2015-05-10 22:37:21.691,131.0,2.0,2.0,1.0,3.0,2.0,6.0,sleeping,2,2,26,0,26,0.07692307692307693,1,sleeping_or_churn
539043,2015-07-12 18:09:43.385,68.0,1.0,1.0,3.0,2.0,1.0,6.0,ordinary,1,1,44,0,34,0.022727272727272728,1,sleeping_or_churn
664763,2015-06-17 05:16:46.766,93.0,1.0,2.0,2.0,2.0,2.0,6.0,churn_risk,2,2,33,0,18,0.06060606060606061,1,sleeping_or_churn
6699,2015-05-08 02:58:51.976,133.0,2.0,2.0,1.0,3.0,2.0,6.0,sleeping,5,2,41,0,38,0.04878048780487805,1,sleeping_or_churn
719153,2015-07-07 05:02:40.098,73.0,1.0,1.0,3.0,2.0,1.0,6.0,ordinary,4,1,19,0,18,0.05263157894736842,1,sleeping_or_churn
746939,2015-06-05 20:21:12.333,105.0,1.0,2.0,2.0,2.0,2.0,6.0,churn_risk,4,2,17,0,15,0.11764705882352941,1,sleeping_or_churn
754218,2015-05-15 06:39:17.849,126.0,1.0,3.0,1.0,2.0,3.0,6.0,churn_risk,7,3,18,0,18,0.16666666666666666,1,sleeping_or_churn
770983,2015-07-03 05:41:17.076,77.0,1.0,1.0,3.0,2.0,1.0,6.0,ordinary,1,1,32,0,19,0.03125,1,sleeping_or_churn
776534,2015-07-01 14:22:32.354,79.0,1.0,1.0,3.0,2.0,1.0,6.0,ordinary,0,1,75,0,9,0.013333333333333334,1,sleeping_or_churn
791750,2015-07-14 15:56:57.139,66.0,1.0,1.0,3.0,2.0,1.0,6.0,ordinary,3,1,23,0,19,0.043478260869565216,1,sleeping_or_churn
805200,2015-07-06 03:57:18.887,74.0,1.0,1.0,3.0,2.0,1.0,6.0,ordinary,2,1,26,0,27,0.038461538461538464,1,sleeping_or_churn
813971,2015-07-17 23:33:15.443,63.0,1.0,1.0,3.0,2.0,1.0,6.0,ordinary,9,1,34,0,15,0.029411764705882353,1,sleeping_or_churn
825321,2015-06-24 17:13:06.340,86.0,1.0,1.0,3.0,2.0,1.0,6.0,ordinary,3,1,367,0,295,0.0027247956403269754,1,sleeping_or_churn
835779,2015-07-08 04:52:21.880,72.0,1.0,1.0,3.0,2.0,1.0,6.0,ordinary,1,1,34,0,26,0.029411764705882353,1,sleeping_or_churn
855728,2015-05-09 02:53:15.288,132.0,2.0,2.0,1.0,3.0,2.0,6.0,sleeping,1,2,65,0,62,0.03076923076923077,1,sleeping_or_churn
861638,2015-06-29 03:01:52.295,81.0,1.0,1.0,3.0,2.0,1.0,6.0,ordinary,1,1,35,0,26,0.02857142857142857,1,sleeping_or_churn
929807,2015-07-03 01:48:58.791,78.0,1.0,1.0,3.0,2.0,1.0,6.0,ordinary,1,1,22,0,12,0.045454545454545456,1,sleeping_or_churn
937463,2015-05-19 19:58:02.190,122.0,2.0,2.0,1.0,3.0,2.0,6.0,sleeping,2,2,18,0,15,0.1111111111111111,1,sleeping_or_churn
953371,2015-05-21 15:22:39.685,120.0,2.0,2.0,1.0,3.0,2.0,6.0,sleeping,3,2,63,0,36,0.031746031746031744,1,sleeping_or_churn
962131,2015-07-19 00:05:33.294,62.0,1.0,1.0,3.0,2.0,1.0,6.0,ordinary,8,1,102,0,89,0.00980392156862745,1,sleeping_or_churn
969827,2015-06-26 01:57:21.314,85.0,1.0,1.0,3.0,2.0,1.0,6.0,ordinary,2,1,17,0,13,0.058823529411764705,1,sleeping_or_churn
98071,2015-05-29 14:02:52.719,112.0,1.0,4.0,1.0,2.0,3.0,6.0,churn_risk,9,4,42,0,32,0.09523809523809523,1,sleeping_or_churn
983395,2015-06-04 02:54:29.656,106.0,1.0,2.0,2.0,2.0,2.0,6.0,churn_risk,0,2,23,0,17,0.08695652173913043,1,sleeping_or_churn
985837,2015-07-07 19:34:54.823,73.0,1.0,1.0,3.0,2.0,1.0,6.0,ordinary,2,1,38,0,14,0.02631578947368421,1,sleeping_or_churn
1140886,2015-06-19 23:56:39.438,91.0,1.0,1.0,2.0,2.0,1.0,5.0,churn_risk,10,1,23,0,20,0.043478260869565216,1,sleeping_or_churn
1142436,2015-06-17 03:57:10.074,93.0,1.0,1.0,2.0,2.0,1.0,5.0,churn_risk,0,1,19,0,7,0.05263157894736842,1,sleeping_or_churn
1216079,2015-06-06 03:57:24.815,104.0,1.0,1.0,2.0,2.0,1.0,5.0,churn_risk,0,1,28,0,24,0.03571428571428571,1,sleeping_or_churn
1381830,2015-06-08 11:40:12.658,102.0,1.0,1.0,2.0,2.0,1.0,5.0,churn_risk,2,1,94,0,67,0.010638297872340425,1,sleeping_or_churn
1385029,2015-06-22 04:47:51.485,88.0,1.0,1.0,2.0,2.0,1.0,5.0,churn_risk,1,1,26,0,2,0.038461538461538464,1,sleeping_or_churn
1398811,2015-06-06 02:03:03.373,105.0,1.0,1.0,2.0,2.0,1.0,5.0,churn_risk,1,1,29,0,22,0.034482758620689655,1,sleeping_or_churn
343137,2015-06-11 00:38:45.722,100.0,1.0,1.0,2.0,2.0,1.0,5.0,churn_risk,1,1,169,0,135,0.005917159763313609,1,sleeping_or_churn
434418,2015-06-04 17:34:06.631,106.0,1.0,1.0,2.0,2.0,1.0,5.0,churn_risk,0,1,22,0,10,0.045454545454545456,1,sleeping_or_churn
45018,2015-06-11 13:07:18.881,99.0,1.0,1.0,2.0,2.0,1.0,5.0,churn_risk,1,1,44,0,3,0.022727272727272728,1,sleeping_or_churn
460599,2015-06-10 19:38:57.447,100.0,1.0,1.0,2.0,2.0,1.0,5.0,churn_risk,2,1,18,0,11,0.05555555555555555,1,sleeping_or_churn
46535,2015-06-16 16:24:50.628,94.0,1.0,1.0,2.0,2.0,1.0,5.0,churn_risk,4,1,33,0,30,0.030303030303030304,1,sleeping_or_churn
469410,2015-05-27 18:36:36.505,114.0,1.0,2.0,1.0,2.0,2.0,5.0,churn_risk,5,2,21,0,17,0.09523809523809523,1,sleeping_or_churn
491323,2015-06-21 03:36:49.558,89.0,1.0,1.0,2.0,2.0,1.0,5.0,churn_risk,4,1,35,0,22,0.02857142857142857,1,sleeping_or_churn
516261,2015-06-15 20:24:56.970,95.0,1.0,1.0,2.0,2.0,1.0,5.0,churn_risk,1,1,66,0,61,0.015151515151515152,1,sleeping_or_churn
792741,2015-06-10 17:09:05.523,100.0,1.0,1.0,2.0,2.0,1.0,5.0,churn_risk,4,1,54,0,45,0.018518518518518517,1,sleeping_or_churn
917036,2015-06-07 02:57:52.661,103.0,1.0,1.0,2.0,2.0,1.0,5.0,churn_risk,0,1,20,0,11,0.05,1,sleeping_or_churn
1018974,2015-05-07 17:27:06.707,134.0,1.0,1.0,1.0,2.0,1.0,4.0,churn_risk,1,1,33,0,23,0.030303030303030304,1,sleeping_or_churn
1048533,2015-05-21 15:23:13.237,120.0,1.0,1.0,1.0,2.0,1.0,4.0,churn_risk,4,1,15,0,17,0.06666666666666667,1,sleeping_or_churn
104974,2015-05-20 04:29:45.229,121.0,1.0,1.0,1.0,2.0,1.0,4.0,churn_risk,3,1,22,0,20,0.045454545454545456,1,sleeping_or_churn
1271652,2015-05-05 16:46:32.698,136.0,1.0,1.0,1.0,2.0,1.0,4.0,churn_risk,1,1,28,0,12,0.03571428571428571,1,sleeping_or_churn
1288024,2015-05-25 21:05:58.351,116.0,1.0,1.0,1.0,2.0,1.0,4.0,churn_risk,1,1,37,0,34,0.02702702702702703,1,sleeping_or_churn
1311615,2015-05-17 04:11:14.861,124.0,1.0,1.0,1.0,2.0,1.0,4.0,churn_risk,3,1,21,0,12,0.047619047619047616,1,sleeping_or_churn
229157,2015-05-29 20:04:47.859,112.0,1.0,1.0,1.0,2.0,1.0,4.0,churn_risk,3,1,421,0,356,0.0023752969121140144,1,sleeping_or_churn
259928,2015-05-12 00:16:52.436,130.0,1.0,1.0,1.0,2.0,1.0,4.0,churn_risk,0,1,29,0,26,0.034482758620689655,1,sleeping_or_churn
279406,2015-05-24 22:57:35.332,117.0,1.0,1.0,1.0,2.0,1.0,4.0,churn_risk,6,1,37,0,34,0.02702702702702703,1,sleeping_or_churn
321381,2015-05-28 18:00:54.042,113.0,1.0,1.0,1.0,2.0,1.0,4.0,churn_risk,1,1,37,0,10,0.02702702702702703,1,sleeping_or_churn
388612,2015-05-22 06:11:54.122,119.0,1.0,1.0,1.0,2.0,1.0,4.0,churn_risk,2,1,30,0,20,0.03333333333333333,1,sleeping_or_churn
391066,2015-05-17 19:15:27.394,124.0,1.0,1.0,1.0,2.0,1.0,4.0,churn_risk,1,1,24,0,17,0.041666666666666664,1,sleeping_or_churn
417312,2015-05-18 14:13:50.140,123.0,1.0,1.0,1.0,2.0,1.0,4.0,churn_risk,24,1,102,0,69,0.00980392156862745,1,sleeping_or_churn
454690,2015-05-27 17:29:16.065,114.0,1.0,1.0,1.0,2.0,1.0,4.0,churn_risk,2,1,39,0,26,0.02564102564102564,1,sleeping_or_churn
483471,2015-05-26 01:15:09.815,116.0,1.0,1.0,1.0,2.0,1.0,4.0,churn_risk,0,1,20,0,5,0.05,1,sleeping_or_churn
509109,2015-05-26 21:15:30.853,115.0,1.0,1.0,1.0,2.0,1.0,4.0,churn_risk,2,1,39,0,25,0.02564102564102564,1,sleeping_or_churn
556819,2015-05-04 16:37:56.324,137.0,1.0,1.0,1.0,2.0,1.0,4.0,churn_risk,14,1,73,0,53,0.0136986301369863,1,sleeping_or_churn
564199,2015-05-23 04:56:39.724,118.0,1.0,1.0,1.0,2.0,1.0,4.0,churn_risk,2,1,36,0,23,0.027777777777777776,1,sleeping_or_churn
607090,2015-05-21 08:10:53.498,120.0,1.0,1.0,1.0,2.0,1.0,4.0,churn_risk,1,1,19,0,18,0.05263157894736842,1,sleeping_or_churn
617101,2015-05-28 03:39:34.639,113.0,1.0,1.0,1.0,2.0,1.0,4.0,churn_risk,4,1,15,0,15,0.06666666666666667,1,sleeping_or_churn
625795,2015-05-29 20:42:18.144,112.0,1.0,1.0,1.0,2.0,1.0,4.0,churn_risk,2,1,110,0,97,0.00909090909090909,1,sleeping_or_churn
649511,2015-05-06 20:04:41.822,135.0,1.0,1.0,1.0,2.0,1.0,4.0,churn_risk,0,1,45,0,30,0.022222222222222223,1,sleeping_or_churn
856909,2015-05-24 16:15:03.507,117.0,1.0,1.0,1.0,2.0,1.0,4.0,churn_risk,1,1,30,0,17,0.03333333333333333,1,sleeping_or_churn
868057,2015-05-05 18:25:52.897,136.0,1.0,1.0,1.0,2.0,1.0,4.0,churn_risk,5,1,29,0,17,0.034482758620689655,1,sleeping_or_churn
868541,2015-05-04 18:57:08.330,137.0,1.0,1.0,1.0,2.0,1.0,4.0,churn_risk,2,1,22,0,23,0.045454545454545456,1,sleeping_or_churn
929638,2015-05-27 22:53:02.698,114.0,1.0,1.0,1.0,2.0,1.0,4.0,churn_risk,2,1,38,0,32,0.02631578947368421,1,sleeping_or_churn
98499,2015-05-06 00:52:18.986,136.0,1.0,1.0,1.0,2.0,1.0,4.0,churn_risk,0,1,28,0,15,0.03571428571428571,1,sleeping_or_churn
1000294,,0.0,0.0,0.0,,,,0.0,,0,0,20,0,18,0.0,0,sleeping_or_churn
1001230,,0.0,0.0,0.0,,,,0.0,,2,0,27,0,19,0.0,0,sleeping_or_churn
100439,,0.0,0.0,0.0,,,,0.0,,0,0,32,0,27,0.0,0,sleeping_or_churn
1005247,,0.0,0.0,0.0,,,,0.0,,3,0,36,0,19,0.0,0,sleeping_or_churn
1009311,,0.0,0.0,0.0,,,,0.0,,1,0,31,0,15,0.0,0,sleeping_or_churn
1009676,,0.0,0.0,0.0,,,,0.0,,0,0,51,0,1,0.0,0,sleeping_or_churn
1012043,,0.0,0.0,0.0,,,,0.0,,3,0,29,0,19,0.0,0,sleeping_or_churn
1014730,,0.0,0.0,0.0,,,,0.0,,4,0,32,0,14,0.0,0,sleeping_or_churn
1015599,,0.0,0.0,0.0,,,,0.0,,0,0,228,0,172,0.0,0,sleeping_or_churn
1015928,,0.0,0.0,0.0,,,,0.0,,47,0,76,0,93,0.0,0,sleeping_or_churn
1018140,,0.0,0.0,0.0,,,,0.0,,1,0,22,0,11,0.0,0,sleeping_or_churn
1020169,,0.0,0.0,0.0,,,,0.0,,0,0,25,0,13,0.0,0,sleeping_or_churn
1020286,,0.0,0.0,0.0,,,,0.0,,0,0,26,0,23,0.0,0,sleeping_or_churn
1020655,,0.0,0.0,0.0,,,,0.0,,1,0,27,0,23,0.0,0,sleeping_or_churn
1021922,,0.0,0.0,0.0,,,,0.0,,0,0,30,0,28,0.0,0,sleeping_or_churn
1024334,,0.0,0.0,0.0,,,,0.0,,3,0,148,0,129,0.0,0,sleeping_or_churn
1025500,,0.0,0.0,0.0,,,,0.0,,0,0,21,0,13,0.0,0,sleeping_or_churn
1030890,,0.0,0.0,0.0,,,,0.0,,0,0,29,0,28,0.0,0,sleeping_or_churn
1032049,,0.0,0.0,0.0,,,,0.0,,0,0,29,0,29,0.0,0,sleeping_or_churn
1032159,,0.0,0.0,0.0,,,,0.0,,0,0,43,0,42,0.0,0,sleeping_or_churn
1032742,,0.0,0.0,0.0,,,,0.0,,30,0,88,0,79,0.0,0,sleeping_or_churn
103405,,0.0,0.0,0.0,,,,0.0,,0,0,26,0,13,0.0,0,sleeping_or_churn
1034672,,0.0,0.0,0.0,,,,0.0,,2,0,26,0,21,0.0,0,sleeping_or_churn
1037173,,0.0,0.0,0.0,,,,0.0,,7,0,29,0,28,0.0,0,sleeping_or_churn
1037724,,0.0,0.0,0.0,,,,0.0,,0,0,20,0,10,0.0,0,sleeping_or_churn
1039026,,0.0,0.0,0.0,,,,0.0,,45,0,62,0,86,0.0,0,sleeping_or_churn
1046904,,0.0,0.0,0.0,,,,0.0,,0,0,14,0,8,0.0,0,sleeping_or_churn
104829,,0.0,0.0,0.0,,,,0.0,,0,0,41,0,6,0.0,0,sleeping_or_churn
1048300,,0.0,0.0,0.0,,,,0.0,,0,0,20,0,12,0.0,0,sleeping_or_churn
1048816,,0.0,0.0,0.0,,,,0.0,,1,0,31,0,26,0.0,0,sleeping_or_churn
1052034,,0.0,0.0,0.0,,,,0.0,,0,0,38,0,6,0.0,0,sleeping_or_churn
1055121,,0.0,0.0,0.0,,,,0.0,,2,0,20,0,22,0.0,0,sleeping_or_churn
1065157,,0.0,0.0,0.0,,,,0.0,,0,0,24,0,22,0.0,0,sleeping_or_churn
106692,,0.0,0.0,0.0,,,,0.0,,0,0,28,0,28,0.0,0,sleeping_or_churn
1069054,,0.0,0.0,0.0,,,,0.0,,0,0,33,0,24,0.0,0,sleeping_or_churn
1069856,,0.0,0.0,0.0,,,,0.0,,2,0,29,0,15,0.0,0,sleeping_or_churn
1073958,,0.0,0.0,0.0,,,,0.0,,0,0,31,0,23,0.0,0,sleeping_or_churn
1080047,,0.0,0.0,0.0,,,,0.0,,2,0,18,0,17,0.0,0,sleeping_or_churn
1080566,,0.0,0.0,0.0,,,,0.0,,0,0,27,0,9,0.0,0,sleeping_or_churn
1080579,,0.0,0.0,0.0,,,,0.0,,4,0,16,0,17,0.0,0,sleeping_or_churn
1081664,,0.0,0.0,0.0,,,,0.0,,0,0,59,0,31,0.0,0,sleeping_or_churn
1082044,,0.0,0.0,0.0,,,,0.0,,0,0,33,0,1,0.0,0,sleeping_or_churn
1083118,,0.0,0.0,0.0,,,,0.0,,3,0,47,0,34,0.0,0,sleeping_or_churn
108346,,0.0,0.0,0.0,,,,0.0,,0,0,24,0,10,0.0,0,sleeping_or_churn
1083704,,0.0,0.0,0.0,,,,0.0,,0,0,41,0,1,0.0,0,sleeping_or_churn
1086719,,0.0,0.0,0.0,,,,0.0,,0,0,96,0,4,0.0,0,sleeping_or_churn
1089235,,0.0,0.0,0.0,,,,0.0,,0,0,33,0,1,0.0,0,sleeping_or_churn
1090460,,0.0,0.0,0.0,,,,0.0,,0,0,47,0,4,0.0,0,sleeping_or_churn
1092248,,0.0,0.0,0.0,,,,0.0,,0,0,37,0,3,0.0,0,sleeping_or_churn
1092949,,0.0,0.0,0.0,,,,0.0,,1,0,26,0,23,0.0,0,sleeping_or_churn
1094964,,0.0,0.0,0.0,,,,0.0,,0,0,127,0,121,0.0,0,sleeping_or_churn
1096666,,0.0,0.0,0.0,,,,0.0,,7,0,19,0,19,0.0,0,sleeping_or_churn
1098410,,0.0,0.0,0.0,,,,0.0,,1,0,26,0,22,0.0,0,sleeping_or_churn
1098890,,0.0,0.0,0.0,,,,0.0,,0,0,61,0,1,0.0,0,sleeping_or_churn
1099927,,0.0,0.0,0.0,,,,0.0,,0,0,44,0,37,0.0,0,sleeping_or_churn
1102098,,0.0,0.0,0.0,,,,0.0,,0,0,35,0,31,0.0,0,sleeping_or_churn
1102205,,0.0,0.0,0.0,,,,0.0,,0,0,33,0,3,0.0,0,sleeping_or_churn
1103454,,0.0,0.0,0.0,,,,0.0,,0,0,20,0,20,0.0,0,sleeping_or_churn
1105004,,0.0,0.0,0.0,,,,0.0,,1,0,33,0,19,0.0,0,sleeping_or_churn
1105097,,0.0,0.0,0.0,,,,0.0,,0,0,50,0,1,0.0,0,sleeping_or_churn
110597,,0.0,0.0,0.0,,,,0.0,,17,0,16,0,15,0.0,0,sleeping_or_churn
1106810,,0.0,0.0,0.0,,,,0.0,,0,0,37,0,27,0.0,0,sleeping_or_churn
1108251,,0.0,0.0,0.0,,,,0.0,,0,0,36,0,22,0.0,0,sleeping_or_churn
1108396,,0.0,0.0,0.0,,,,0.0,,1,0,52,0,18,0.0,0,sleeping_or_churn
1109373,,0.0,0.0,0.0,,,,0.0,,0,0,29,0,20,0.0,0,sleeping_or_churn
1109474,,0.0,0.0,0.0,,,,0.0,,3,0,221,0,162,0.0,0,sleeping_or_churn
1113427,,0.0,0.0,0.0,,,,0.0,,1,0,27,0,19,0.0,0,sleeping_or_churn
1114419,,0.0,0.0,0.0,,,,0.0,,0,0,33,0,14,0.0,0,sleeping_or_churn
1115208,,0.0,0.0,0.0,,,,0.0,,0,0,23,0,17,0.0,0,sleeping_or_churn
1118731,,0.0,0.0,0.0,,,,0.0,,0,0,52,0,4,0.0,0,sleeping_or_churn
1119357,,0.0,0.0,0.0,,,,0.0,,0,0,20,0,12,0.0,0,sleeping_or_churn
1119917,,0.0,0.0,0.0,,,,0.0,,0,0,199,0,166,0.0,0,sleeping_or_churn
1120970,,0.0,0.0,0.0,,,,0.0,,0,0,20,0,11,0.0,0,sleeping_or_churn
1121108,,0.0,0.0,0.0,,,,0.0,,1,0,29,0,12,0.0,0,sleeping_or_churn
1122038,,0.0,0.0,0.0,,,,0.0,,2,0,131,0,91,0.0,0,sleeping_or_churn
1122231,,0.0,0.0,0.0,,,,0.0,,4,0,27,0,16,0.0,0,sleeping_or_churn
1127065,,0.0,0.0,0.0,,,,0.0,,4,0,13,0,12,0.0,0,sleeping_or_churn
1127595,,0.0,0.0,0.0,,,,0.0,,6,0,57,0,26,0.0,0,sleeping_or_churn
1128663,,0.0,0.0,0.0,,,,0.0,,0,0,43,0,2,0.0,0,sleeping_or_churn
1128692,,0.0,0.0,0.0,,,,0.0,,0,0,26,0,1,0.0,0,sleeping_or_churn
1133219,,0.0,0.0,0.0,,,,0.0,,12,0,32,0,27,0.0,0,sleeping_or_churn
1137090,,0.0,0.0,0.0,,,,0.0,,9,0,62,0,58,0.0,0,sleeping_or_churn
1138391,,0.0,0.0,0.0,,,,0.0,,0,0,249,0,195,0.0,0,sleeping_or_churn
1139337,,0.0,0.0,0.0,,,,0.0,,0,0,25,0,22,0.0,0,sleeping_or_churn
1139675,,0.0,0.0,0.0,,,,0.0,,0,0,31,0,8,0.0,0,sleeping_or_churn
1141573,,0.0,0.0,0.0,,,,0.0,,0,0,17,0,16,0.0,0,sleeping_or_churn
1142191,,0.0,0.0,0.0,,,,0.0,,1,0,48,0,16,0.0,0,sleeping_or_churn
114362,,0.0,0.0,0.0,,,,0.0,,0,0,37,0,27,0.0,0,sleeping_or_churn
1144130,,0.0,0.0,0.0,,,,0.0,,0,0,45,0,43,0.0,0,sleeping_or_churn
1145249,,0.0,0.0,0.0,,,,0.0,,4,0,45,0,33,0.0,0,sleeping_or_churn
1147894,,0.0,0.0,0.0,,,,0.0,,0,0,21,0,17,0.0,0,sleeping_or_churn
1148753,,0.0,0.0,0.0,,,,0.0,,0,0,20,0,5,0.0,0,sleeping_or_churn
1150962,,0.0,0.0,0.0,,,,0.0,,0,0,26,0,18,0.0,0,sleeping_or_churn
1152169,,0.0,0.0,0.0,,,,0.0,,1,0,35,0,34,0.0,0,sleeping_or_churn
1152635,,0.0,0.0,0.0,,,,0.0,,0,0,26,0,24,0.0,0,sleeping_or_churn
1157071,,0.0,0.0,0.0,,,,0.0,,0,0,89,0,5,0.0,0,sleeping_or_churn
1159544,,0.0,0.0,0.0,,,,0.0,,2,0,14,0,14,0.0,0,sleeping_or_churn
1161507,,0.0,0.0,0.0,,,,0.0,,0,0,28,0,18,0.0,0,sleeping_or_churn
116169,,0.0,0.0,0.0,,,,0.0,,5,0,18,0,19,0.0,0,sleeping_or_churn
1162639,,0.0,0.0,0.0,,,,0.0,,0,0,61,0,28,0.0,0,sleeping_or_churn
1163384,,0.0,0.0,0.0,,,,0.0,,0,0,26,0,23,0.0,0,sleeping_or_churn
1163816,,0.0,0.0,0.0,,,,0.0,,0,0,37,0,36,0.0,0,sleeping_or_churn
1171984,,0.0,0.0,0.0,,,,0.0,,1,0,26,0,17,0.0,0,sleeping_or_churn
1172121,,0.0,0.0,0.0,,,,0.0,,4,0,60,0,28,0.0,0,sleeping_or_churn
1172198,,0.0,0.0,0.0,,,,0.0,,0,0,91,0,5,0.0,0,sleeping_or_churn
1178290,,0.0,0.0,0.0,,,,0.0,,1,0,24,0,9,0.0,0,sleeping_or_churn
1178626,,0.0,0.0,0.0,,,,0.0,,0,0,40,0,1,0.0,0,sleeping_or_churn
1181175,,0.0,0.0,0.0,,,,0.0,,0,0,29,0,22,0.0,0,sleeping_or_churn
1181200,,0.0,0.0,0.0,,,,0.0,,0,0,22,0,12,0.0,0,sleeping_or_churn
1185399,,0.0,0.0,0.0,,,,0.0,,0,0,39,0,28,0.0,0,sleeping_or_churn
1186695,,0.0,0.0,0.0,,,,0.0,,0,0,25,0,18,0.0,0,sleeping_or_churn
1191613,,0.0,0.0,0.0,,,,0.0,,0,0,37,0,26,0.0,0,sleeping_or_churn
1192115,,0.0,0.0,0.0,,,,0.0,,0,0,21,0,14,0.0,0,sleeping_or_churn
1193756,,0.0,0.0,0.0,,,,0.0,,0,0,30,0,29,0.0,0,sleeping_or_churn
1195980,,0.0,0.0,0.0,,,,0.0,,1,0,51,0,27,0.0,0,sleeping_or_churn
1199576,,0.0,0.0,0.0,,,,0.0,,0,0,45,0,14,0.0,0,sleeping_or_churn
1200349,,0.0,0.0,0.0,,,,0.0,,1,0,21,0,17,0.0,0,sleeping_or_churn
1202758,,0.0,0.0,0.0,,,,0.0,,0,0,24,0,19,0.0,0,sleeping_or_churn
1202783,,0.0,0.0,0.0,,,,0.0,,0,0,154,0,149,0.0,0,sleeping_or_churn
1203357,,0.0,0.0,0.0,,,,0.0,,0,0,39,0,38,0.0,0,sleeping_or_churn
1204332,,0.0,0.0,0.0,,,,0.0,,0,0,41,0,17,0.0,0,sleeping_or_churn
1209313,,0.0,0.0,0.0,,,,0.0,,2,0,54,0,24,0.0,0,sleeping_or_churn
1210904,,0.0,0.0,0.0,,,,0.0,,0,0,42,0,23,0.0,0,sleeping_or_churn
1213423,,0.0,0.0,0.0,,,,0.0,,9,0,28,0,23,0.0,0,sleeping_or_churn
121441,,0.0,0.0,0.0,,,,0.0,,12,0,32,0,34,0.0,0,sleeping_or_churn
1216141,,0.0,0.0,0.0,,,,0.0,,0,0,28,0,26,0.0,0,sleeping_or_churn
1216818,,0.0,0.0,0.0,,,,0.0,,0,0,37,0,25,0.0,0,sleeping_or_churn
1216885,,0.0,0.0,0.0,,,,0.0,,0,0,28,0,2,0.0,0,sleeping_or_churn
1218886,,0.0,0.0,0.0,,,,0.0,,7,0,26,0,23,0.0,0,sleeping_or_churn
121914,,0.0,0.0,0.0,,,,0.0,,3,0,42,0,38,0.0,0,sleeping_or_churn
1219361,,0.0,0.0,0.0,,,,0.0,,1,0,20,0,7,0.0,0,sleeping_or_churn
121975,,0.0,0.0,0.0,,,,0.0,,0,0,30,0,9,0.0,0,sleeping_or_churn
1222911,,0.0,0.0,0.0,,,,0.0,,0,0,52,0,51,0.0,0,sleeping_or_churn
12232,,0.0,0.0,0.0,,,,0.0,,0,0,26,0,25,0.0,0,sleeping_or_churn
1224022,,0.0,0.0,0.0,,,,0.0,,0,0,44,0,37,0.0,0,sleeping_or_churn
1227377,,0.0,0.0,0.0,,,,0.0,,0,0,87,0,81,0.0,0,sleeping_or_churn
1229828,,0.0,0.0,0.0,,,,0.0,,0,0,41,0,41,0.0,0,sleeping_or_churn
1229972,,0.0,0.0,0.0,,,,0.0,,0,0,30,0,1,0.0,0,sleeping_or_churn
1231368,,0.0,0.0,0.0,,,,0.0,,0,0,30,0,26,0.0,0,sleeping_or_churn
1236028,,0.0,0.0,0.0,,,,0.0,,0,0,104,0,84,0.0,0,sleeping_or_churn
1237218,,0.0,0.0,0.0,,,,0.0,,0,0,41,0,33,0.0,0,sleeping_or_churn
1239170,,0.0,0.0,0.0,,,,0.0,,0,0,25,0,21,0.0,0,sleeping_or_churn
1240838,,0.0,0.0,0.0,,,,0.0,,8,0,75,0,60,0.0,0,sleeping_or_churn
1248077,,0.0,0.0,0.0,,,,0.0,,0,0,39,0,7,0.0,0,sleeping_or_churn
1248854,,0.0,0.0,0.0,,,,0.0,,0,0,69,0,24,0.0,0,sleeping_or_churn
1250902,,0.0,0.0,0.0,,,,0.0,,0,0,22,0,14,0.0,0,sleeping_or_churn
1251600,,0.0,0.0,0.0,,,,0.0,,0,0,26,0,22,0.0,0,sleeping_or_churn
1254768,,0.0,0.0,0.0,,,,0.0,,0,0,27,0,13,0.0,0,sleeping_or_churn
1255217,,0.0,0.0,0.0,,,,0.0,,0,0,74,0,61,0.0,0,sleeping_or_churn
1256893,,0.0,0.0,0.0,,,,0.0,,0,0,26,0,17,0.0,0,sleeping_or_churn
1257422,,0.0,0.0,0.0,,,,0.0,,0,0,23,0,23,0.0,0,sleeping_or_churn
1257461,,0.0,0.0,0.0,,,,0.0,,0,0,25,0,14,0.0,0,sleeping_or_churn
12579,,0.0,0.0,0.0,,,,0.0,,15,0,47,0,49,0.0,0,sleeping_or_churn
1261067,,0.0,0.0,0.0,,,,0.0,,6,0,23,0,14,0.0,0,sleeping_or_churn
126139,,0.0,0.0,0.0,,,,0.0,,1,0,29,0,25,0.0,0,sleeping_or_churn
1262661,,0.0,0.0,0.0,,,,0.0,,0,0,29,0,25,0.0,0,sleeping_or_churn
1263603,,0.0,0.0,0.0,,,,0.0,,1,0,19,0,8,0.0,0,sleeping_or_churn
126404,,0.0,0.0,0.0,,,,0.0,,1,0,23,0,15,0.0,0,sleeping_or_churn
126422,,0.0,0.0,0.0,,,,0.0,,2,0,32,0,31,0.0,0,sleeping_or_churn
1266239,,0.0,0.0,0.0,,,,0.0,,3,0,21,0,15,0.0,0,sleeping_or_churn
1272794,,0.0,0.0,0.0,,,,0.0,,0,0,92,0,1,0.0,0,sleeping_or_churn
127311,,0.0,0.0,0.0,,,,0.0,,0,0,29,0,22,0.0,0,sleeping_or_churn
1273306,,0.0,0.0,0.0,,,,0.0,,2,0,54,0,45,0.0,0,sleeping_or_churn
1279815,,0.0,0.0,0.0,,,,0.0,,5,0,20,0,18,0.0,0,sleeping_or_churn
1286843,,0.0,0.0,0.0,,,,0.0,,1,0,30,0,10,0.0,0,sleeping_or_churn
1287771,,0.0,0.0,0.0,,,,0.0,,0,0,33,0,19,0.0,0,sleeping_or_churn
1289040,,0.0,0.0,0.0,,,,0.0,,0,0,26,0,15,0.0,0,sleeping_or_churn
1289927,,0.0,0.0,0.0,,,,0.0,,4,0,21,0,19,0.0,0,sleeping_or_churn
1293381,,0.0,0.0,0.0,,,,0.0,,0,0,20,0,5,0.0,0,sleeping_or_churn
1296963,,0.0,0.0,0.0,,,,0.0,,0,0,47,0,46,0.0,0,sleeping_or_churn
1297479,,0.0,0.0,0.0,,,,0.0,,0,0,81,0,6,0.0,0,sleeping_or_churn
1298909,,0.0,0.0,0.0,,,,0.0,,0,0,36,0,9,0.0,0,sleeping_or_churn
1300656,,0.0,0.0,0.0,,,,0.0,,0,0,34,0,33,0.0,0,sleeping_or_churn
1306828,,0.0,0.0,0.0,,,,0.0,,0,0,31,0,22,0.0,0,sleeping_or_churn
1307953,,0.0,0.0,0.0,,,,0.0,,8,0,18,0,17,0.0,0,sleeping_or_churn
130999,,0.0,0.0,0.0,,,,0.0,,0,0,93,0,83,0.0,0,sleeping_or_churn
1310419,,0.0,0.0,0.0,,,,0.0,,6,0,27,0,27,0.0,0,sleeping_or_churn
1310923,,0.0,0.0,0.0,,,,0.0,,0,0,49,0,7,0.0,0,sleeping_or_churn
1312122,,0.0,0.0,0.0,,,,0.0,,0,0,28,0,5,0.0,0,sleeping_or_churn
1314255,,0.0,0.0,0.0,,,,0.0,,0,0,29,0,26,0.0,0,sleeping_or_churn
1314401,,0.0,0.0,0.0,,,,0.0,,1,0,20,0,6,0.0,0,sleeping_or_churn
1314531,,0.0,0.0,0.0,,,,0.0,,0,0,39,0,39,0.0,0,sleeping_or_churn
1317249,,0.0,0.0,0.0,,,,0.0,,0,0,103,0,95,0.0,0,sleeping_or_churn
1318103,,0.0,0.0,0.0,,,,0.0,,12,0,31,0,30,0.0,0,sleeping_or_churn
1319406,,0.0,0.0,0.0,,,,0.0,,0,0,22,0,22,0.0,0,sleeping_or_churn
132066,,0.0,0.0,0.0,,,,0.0,,11,0,77,0,50,0.0,0,sleeping_or_churn
1322350,,0.0,0.0,0.0,,,,0.0,,0,0,41,0,1,0.0,0,sleeping_or_churn
1323386,,0.0,0.0,0.0,,,,0.0,,0,0,50,0,44,0.0,0,sleeping_or_churn
1323752,,0.0,0.0,0.0,,,,0.0,,3,0,18,0,14,0.0,0,sleeping_or_churn
1324043,,0.0,0.0,0.0,,,,0.0,,0,0,24,0,24,0.0,0,sleeping_or_churn
132676,,0.0,0.0,0.0,,,,0.0,,14,0,28,0,16,0.0,0,sleeping_or_churn
1326989,,0.0,0.0,0.0,,,,0.0,,0,0,25,0,25,0.0,0,sleeping_or_churn
1327144,,0.0,0.0,0.0,,,,0.0,,0,0,343,0,277,0.0,0,sleeping_or_churn
1328192,,0.0,0.0,0.0,,,,0.0,,0,0,30,0,19,0.0,0,sleeping_or_churn
1332095,,0.0,0.0,0.0,,,,0.0,,0,0,120,0,9,0.0,0,sleeping_or_churn
1335508,,0.0,0.0,0.0,,,,0.0,,1,0,32,0,19,0.0,0,sleeping_or_churn
1336659,,0.0,0.0,0.0,,,,0.0,,0,0,27,0,27,0.0,0,sleeping_or_churn
1343677,,0.0,0.0,0.0,,,,0.0,,1,0,49,0,48,0.0,0,sleeping_or_churn
1347099,,0.0,0.0,0.0,,,,0.0,,0,0,60,0,51,0.0,0,sleeping_or_churn
1348163,,0.0,0.0,0.0,,,,0.0,,0,0,124,0,30,0.0,0,sleeping_or_churn
1349746,,0.0,0.0,0.0,,,,0.0,,2,0,23,0,19,0.0,0,sleeping_or_churn
1354736,,0.0,0.0,0.0,,,,0.0,,0,0,27,0,20,0.0,0,sleeping_or_churn
1355799,,0.0,0.0,0.0,,,,0.0,,5,0,20,0,13,0.0,0,sleeping_or_churn
1356634,,0.0,0.0,0.0,,,,0.0,,0,0,22,0,19,0.0,0,sleeping_or_churn
1356918,,0.0,0.0,0.0,,,,0.0,,0,0,28,0,5,0.0,0,sleeping_or_churn
1357576,,0.0,0.0,0.0,,,,0.0,,0,0,231,0,212,0.0,0,sleeping_or_churn
1358298,,0.0,0.0,0.0,,,,0.0,,0,0,21,0,21,0.0,0,sleeping_or_churn
1359187,,0.0,0.0,0.0,,,,0.0,,0,0,54,0,1,0.0,0,sleeping_or_churn
1360073,,0.0,0.0,0.0,,,,0.0,,0,0,42,0,35,0.0,0,sleeping_or_churn
1361818,,0.0,0.0,0.0,,,,0.0,,9,0,12,0,16,0.0,0,sleeping_or_churn
1364162,,0.0,0.0,0.0,,,,0.0,,0,0,31,0,15,0.0,0,sleeping_or_churn
1364455,,0.0,0.0,0.0,,,,0.0,,5,0,18,0,21,0.0,0,sleeping_or_churn
1370935,,0.0,0.0,0.0,,,,0.0,,1,0,24,0,19,0.0,0,sleeping_or_churn
1377305,,0.0,0.0,0.0,,,,0.0,,0,0,24,0,15,0.0,0,sleeping_or_churn
1379848,,0.0,0.0,0.0,,,,0.0,,1,0,35,0,28,0.0,0,sleeping_or_churn
1380247,,0.0,0.0,0.0,,,,0.0,,1,0,41,0,21,0.0,0,sleeping_or_churn
1380669,,0.0,0.0,0.0,,,,0.0,,5,0,58,0,34,0.0,0,sleeping_or_churn
1381934,,0.0,0.0,0.0,,,,0.0,,0,0,23,0,11,0.0,0,sleeping_or_churn
1383723,,0.0,0.0,0.0,,,,0.0,,0,0,23,0,3,0.0,0,sleeping_or_churn
1384823,,0.0,0.0,0.0,,,,0.0,,0,0,45,0,24,0.0,0,sleeping_or_churn
1385214,,0.0,0.0,0.0,,,,0.0,,0,0,21,0,21,0.0,0,sleeping_or_churn
138604,,0.0,0.0,0.0,,,,0.0,,0,0,29,0,24,0.0,0,sleeping_or_churn
1386940,,0.0,0.0,0.0,,,,0.0,,0,0,59,0,43,0.0,0,sleeping_or_churn
1388617,,0.0,0.0,0.0,,,,0.0,,4,0,21,0,21,0.0,0,sleeping_or_churn
1391782,,0.0,0.0,0.0,,,,0.0,,0,0,39,0,26,0.0,0,sleeping_or_churn
1391871,,0.0,0.0,0.0,,,,0.0,,8,0,33,0,29,0.0,0,sleeping_or_churn
1392092,,0.0,0.0,0.0,,,,0.0,,0,0,30,0,12,0.0,0,sleeping_or_churn
1392946,,0.0,0.0,0.0,,,,0.0,,0,0,25,0,19,0.0,0,sleeping_or_churn
1394708,,0.0,0.0,0.0,,,,0.0,,0,0,69,0,53,0.0,0,sleeping_or_churn
1394949,,0.0,0.0,0.0,,,,0.0,,0,0,31,0,5,0.0,0,sleeping_or_churn
1406637,,0.0,0.0,0.0,,,,0.0,,0,0,33,0,16,0.0,0,sleeping_or_churn
1407340,,0.0,0.0,0.0,,,,0.0,,0,0,20,0,19,0.0,0,sleeping_or_churn
142785,,0.0,0.0,0.0,,,,0.0,,0,0,23,0,19,0.0,0,sleeping_or_churn
145721,,0.0,0.0,0.0,,,,0.0,,0,0,21,0,8,0.0,0,sleeping_or_churn
146698,,0.0,0.0,0.0,,,,0.0,,2,0,29,0,21,0.0,0,sleeping_or_churn
14735,,0.0,0.0,0.0,,,,0.0,,0,0,21,0,15,0.0,0,sleeping_or_churn
148927,,0.0,0.0,0.0,,,,0.0,,0,0,57,0,47,0.0,0,sleeping_or_churn
152635,,0.0,0.0,0.0,,,,0.0,,0,0,47,0,31,0.0,0,sleeping_or_churn
153600,,0.0,0.0,0.0,,,,0.0,,21,0,15,0,17,0.0,0,sleeping_or_churn
155171,,0.0,0.0,0.0,,,,0.0,,5,0,18,0,13,0.0,0,sleeping_or_churn
157844,,0.0,0.0,0.0,,,,0.0,,0,0,67,0,24,0.0,0,sleeping_or_churn
160804,,0.0,0.0,0.0,,,,0.0,,0,0,24,0,6,0.0,0,sleeping_or_churn
163049,,0.0,0.0,0.0,,,,0.0,,3,0,81,0,27,0.0,0,sleeping_or_churn
164201,,0.0,0.0,0.0,,,,0.0,,0,0,23,0,23,0.0,0,sleeping_or_churn
165052,,0.0,0.0,0.0,,,,0.0,,0,0,226,0,223,0.0,0,sleeping_or_churn
165542,,0.0,0.0,0.0,,,,0.0,,0,0,27,0,1,0.0,0,sleeping_or_churn
165712,,0.0,0.0,0.0,,,,0.0,,0,0,47,0,38,0.0,0,sleeping_or_churn
165839,,0.0,0.0,0.0,,,,0.0,,0,0,27,0,25,0.0,0,sleeping_or_churn
167489,,0.0,0.0,0.0,,,,0.0,,1,0,31,0,4,0.0,0,sleeping_or_churn
167704,,0.0,0.0,0.0,,,,0.0,,11,0,46,0,38,0.0,0,sleeping_or_churn
168636,,0.0,0.0,0.0,,,,0.0,,3,0,23,0,12,0.0,0,sleeping_or_churn
169423,,0.0,0.0,0.0,,,,0.0,,0,0,78,0,33,0.0,0,sleeping_or_churn
169586,,0.0,0.0,0.0,,,,0.0,,0,0,66,0,42,0.0,0,sleeping_or_churn
170100,,0.0,0.0,0.0,,,,0.0,,41,0,0,0,41,0.0,0,sleeping_or_churn
170277,,0.0,0.0,0.0,,,,0.0,,0,0,51,0,26,0.0,0,sleeping_or_churn
172019,,0.0,0.0,0.0,,,,0.0,,0,0,22,0,20,0.0,0,sleeping_or_churn
1722,,0.0,0.0,0.0,,,,0.0,,0,0,43,0,3,0.0,0,sleeping_or_churn
174121,,0.0,0.0,0.0,,,,0.0,,0,0,53,0,20,0.0,0,sleeping_or_churn
174331,,0.0,0.0,0.0,,,,0.0,,0,0,41,0,5,0.0,0,sleeping_or_churn
174396,,0.0,0.0,0.0,,,,0.0,,0,0,26,0,2,0.0,0,sleeping_or_churn
176103,,0.0,0.0,0.0,,,,0.0,,0,0,29,0,27,0.0,0,sleeping_or_churn
178851,,0.0,0.0,0.0,,,,0.0,,0,0,30,0,5,0.0,0,sleeping_or_churn
178867,,0.0,0.0,0.0,,,,0.0,,0,0,29,0,11,0.0,0,sleeping_or_churn
183677,,0.0,0.0,0.0,,,,0.0,,0,0,39,0,39,0.0,0,sleeping_or_churn
184151,,0.0,0.0,0.0,,,,0.0,,0,0,24,0,15,0.0,0,sleeping_or_churn
187544,,0.0,0.0,0.0,,,,0.0,,0,0,23,0,11,0.0,0,sleeping_or_churn
187778,,0.0,0.0,0.0,,,,0.0,,6,0,27,0,20,0.0,0,sleeping_or_churn
1879,,0.0,0.0,0.0,,,,0.0,,0,0,77,0,60,0.0,0,sleeping_or_churn
189473,,0.0,0.0,0.0,,,,0.0,,0,0,45,0,37,0.0,0,sleeping_or_churn
195216,,0.0,0.0,0.0,,,,0.0,,0,0,41,0,41,0.0,0,sleeping_or_churn
196448,,0.0,0.0,0.0,,,,0.0,,2,0,22,0,16,0.0,0,sleeping_or_churn
198299,,0.0,0.0,0.0,,,,0.0,,6,0,24,0,23,0.0,0,sleeping_or_churn
202730,,0.0,0.0,0.0,,,,0.0,,5,0,21,0,18,0.0,0,sleeping_or_churn
203760,,0.0,0.0,0.0,,,,0.0,,1,0,27,0,22,0.0,0,sleeping_or_churn
211166,,0.0,0.0,0.0,,,,0.0,,0,0,21,0,4,0.0,0,sleeping_or_churn
211412,,0.0,0.0,0.0,,,,0.0,,6,0,15,0,14,0.0,0,sleeping_or_churn
211691,,0.0,0.0,0.0,,,,0.0,,0,0,41,0,20,0.0,0,sleeping_or_churn
213772,,0.0,0.0,0.0,,,,0.0,,0,0,45,0,2,0.0,0,sleeping_or_churn
21395,,0.0,0.0,0.0,,,,0.0,,0,0,69,0,67,0.0,0,sleeping_or_churn
217095,,0.0,0.0,0.0,,,,0.0,,0,0,27,0,8,0.0,0,sleeping_or_churn
2194,,0.0,0.0,0.0,,,,0.0,,0,0,54,0,42,0.0,0,sleeping_or_churn
220139,,0.0,0.0,0.0,,,,0.0,,0,0,32,0,30,0.0,0,sleeping_or_churn
221202,,0.0,0.0,0.0,,,,0.0,,0,0,54,0,8,0.0,0,sleeping_or_churn
221702,,0.0,0.0,0.0,,,,0.0,,0,0,27,0,23,0.0,0,sleeping_or_churn
222604,,0.0,0.0,0.0,,,,0.0,,0,0,23,0,1,0.0,0,sleeping_or_churn
224207,,0.0,0.0,0.0,,,,0.0,,0,0,35,0,19,0.0,0,sleeping_or_churn
2326,,0.0,0.0,0.0,,,,0.0,,1,0,37,0,24,0.0,0,sleeping_or_churn
233961,,0.0,0.0,0.0,,,,0.0,,0,0,85,0,74,0.0,0,sleeping_or_churn
234164,,0.0,0.0,0.0,,,,0.0,,0,0,60,0,58,0.0,0,sleeping_or_churn
24197,,0.0,0.0,0.0,,,,0.0,,0,0,39,0,34,0.0,0,sleeping_or_churn
244620,,0.0,0.0,0.0,,,,0.0,,23,0,8,0,30,0.0,0,sleeping_or_churn
244723,,0.0,0.0,0.0,,,,0.0,,0,0,39,0,31,0.0,0,sleeping_or_churn
247461,,0.0,0.0,0.0,,,,0.0,,0,0,36,0,26,0.0,0,sleeping_or_churn
24757,,0.0,0.0,0.0,,,,0.0,,1,0,30,0,17,0.0,0,sleeping_or_churn
249783,,0.0,0.0,0.0,,,,0.0,,8,0,14,0,17,0.0,0,sleeping_or_churn
250814,,0.0,0.0,0.0,,,,0.0,,3,0,37,0,30,0.0,0,sleeping_or_churn
251018,,0.0,0.0,0.0,,,,0.0,,0,0,30,0,30,0.0,0,sleeping_or_churn
251672,,0.0,0.0,0.0,,,,0.0,,0,0,34,0,34,0.0,0,sleeping_or_churn
252520,,0.0,0.0,0.0,,,,0.0,,3,0,34,0,19,0.0,0,sleeping_or_churn
253410,,0.0,0.0,0.0,,,,0.0,,0,0,56,0,48,0.0,0,sleeping_or_churn
255589,,0.0,0.0,0.0,,,,0.0,,0,0,33,0,27,0.0,0,sleeping_or_churn
256367,,0.0,0.0,0.0,,,,0.0,,0,0,42,0,12,0.0,0,sleeping_or_churn
258500,,0.0,0.0,0.0,,,,0.0,,0,0,16,0,16,0.0,0,sleeping_or_churn
259405,,0.0,0.0,0.0,,,,0.0,,0,0,80,0,71,0.0,0,sleeping_or_churn
262805,,0.0,0.0,0.0,,,,0.0,,0,0,22,0,2,0.0,0,sleeping_or_churn
26296,,0.0,0.0,0.0,,,,0.0,,4,0,29,0,29,0.0,0,sleeping_or_churn
265306,,0.0,0.0,0.0,,,,0.0,,4,0,25,0,20,0.0,0,sleeping_or_churn
265871,,0.0,0.0,0.0,,,,0.0,,0,0,26,0,1,0.0,0,sleeping_or_churn
266417,,0.0,0.0,0.0,,,,0.0,,1,0,26,0,9,0.0,0,sleeping_or_churn
267013,,0.0,0.0,0.0,,,,0.0,,0,0,24,0,10,0.0,0,sleeping_or_churn
273517,,0.0,0.0,0.0,,,,0.0,,0,0,20,0,12,0.0,0,sleeping_or_churn
274264,,0.0,0.0,0.0,,,,0.0,,0,0,42,0,36,0.0,0,sleeping_or_churn
278241,,0.0,0.0,0.0,,,,0.0,,1,0,57,0,50,0.0,0,sleeping_or_churn
281190,,0.0,0.0,0.0,,,,0.0,,0,0,40,0,39,0.0,0,sleeping_or_churn
283414,,0.0,0.0,0.0,,,,0.0,,0,0,43,0,27,0.0,0,sleeping_or_churn
288040,,0.0,0.0,0.0,,,,0.0,,0,0,48,0,32,0.0,0,sleeping_or_churn
296431,,0.0,0.0,0.0,,,,0.0,,1,0,25,0,21,0.0,0,sleeping_or_churn
299216,,0.0,0.0,0.0,,,,0.0,,0,0,43,0,2,0.0,0,sleeping_or_churn
304485,,0.0,0.0,0.0,,,,0.0,,0,0,27,0,15,0.0,0,sleeping_or_churn
306875,,0.0,0.0,0.0,,,,0.0,,0,0,34,0,12,0.0,0,sleeping_or_churn
307542,,0.0,0.0,0.0,,,,0.0,,0,0,37,0,27,0.0,0,sleeping_or_churn
308563,,0.0,0.0,0.0,,,,0.0,,0,0,23,0,16,0.0,0,sleeping_or_churn
30903,,0.0,0.0,0.0,,,,0.0,,4,0,28,0,16,0.0,0,sleeping_or_churn
310759,,0.0,0.0,0.0,,,,0.0,,0,0,451,0,418,0.0,0,sleeping_or_churn
310761,,0.0,0.0,0.0,,,,0.0,,7,0,19,0,20,0.0,0,sleeping_or_churn
311205,,0.0,0.0,0.0,,,,0.0,,13,0,38,0,27,0.0,0,sleeping_or_churn
311569,,0.0,0.0,0.0,,,,0.0,,0,0,25,0,1,0.0,0,sleeping_or_churn
31174,,0.0,0.0,0.0,,,,0.0,,0,0,37,0,30,0.0,0,sleeping_or_churn
312104,,0.0,0.0,0.0,,,,0.0,,0,0,22,0,21,0.0,0,sleeping_or_churn
315312,,0.0,0.0,0.0,,,,0.0,,0,0,26,0,25,0.0,0,sleeping_or_churn
316600,,0.0,0.0,0.0,,,,0.0,,0,0,249,0,175,0.0,0,sleeping_or_churn
317355,,0.0,0.0,0.0,,,,0.0,,2,0,81,0,57,0.0,0,sleeping_or_churn
319048,,0.0,0.0,0.0,,,,0.0,,0,0,40,0,37,0.0,0,sleeping_or_churn
319208,,0.0,0.0,0.0,,,,0.0,,0,0,22,0,7,0.0,0,sleeping_or_churn
321559,,0.0,0.0,0.0,,,,0.0,,4,0,32,0,33,0.0,0,sleeping_or_churn
322384,,0.0,0.0,0.0,,,,0.0,,0,0,49,0,35,0.0,0,sleeping_or_churn
32252,,0.0,0.0,0.0,,,,0.0,,0,0,70,0,1,0.0,0,sleeping_or_churn
325780,,0.0,0.0,0.0,,,,0.0,,0,0,42,0,12,0.0,0,sleeping_or_churn
326575,,0.0,0.0,0.0,,,,0.0,,1,0,31,0,24,0.0,0,sleeping_or_churn
327437,,0.0,0.0,0.0,,,,0.0,,2,0,23,0,16,0.0,0,sleeping_or_churn
327998,,0.0,0.0,0.0,,,,0.0,,1,0,21,0,18,0.0,0,sleeping_or_churn
334334,,0.0,0.0,0.0,,,,0.0,,0,0,33,0,31,0.0,0,sleeping_or_churn
33604,,0.0,0.0,0.0,,,,0.0,,7,0,45,0,2,0.0,0,sleeping_or_churn
338061,,0.0,0.0,0.0,,,,0.0,,0,0,23,0,10,0.0,0,sleeping_or_churn
342626,,0.0,0.0,0.0,,,,0.0,,0,0,69,0,50,0.0,0,sleeping_or_churn
343659,,0.0,0.0,0.0,,,,0.0,,0,0,27,0,8,0.0,0,sleeping_or_churn
348951,,0.0,0.0,0.0,,,,0.0,,1,0,29,0,16,0.0,0,sleeping_or_churn
35190,,0.0,0.0,0.0,,,,0.0,,0,0,30,0,30,0.0,0,sleeping_or_churn
353847,,0.0,0.0,0.0,,,,0.0,,0,0,43,0,40,0.0,0,sleeping_or_churn
354041,,0.0,0.0,0.0,,,,0.0,,0,0,27,0,5,0.0,0,sleeping_or_churn
354084,,0.0,0.0,0.0,,,,0.0,,6,0,17,0,15,0.0,0,sleeping_or_churn
354785,,0.0,0.0,0.0,,,,0.0,,0,0,141,0,123,0.0,0,sleeping_or_churn
356005,,0.0,0.0,0.0,,,,0.0,,4,0,37,0,22,0.0,0,sleeping_or_churn
360295,,0.0,0.0,0.0,,,,0.0,,0,0,30,0,20,0.0,0,sleeping_or_churn
360921,,0.0,0.0,0.0,,,,0.0,,19,0,36,0,45,0.0,0,sleeping_or_churn
361470,,0.0,0.0,0.0,,,,0.0,,6,0,25,0,16,0.0,0,sleeping_or_churn
363660,,0.0,0.0,0.0,,,,0.0,,0,0,36,0,1,0.0,0,sleeping_or_churn
367987,,0.0,0.0,0.0,,,,0.0,,1,0,41,0,33,0.0,0,sleeping_or_churn
368401,,0.0,0.0,0.0,,,,0.0,,0,0,66,0,42,0.0,0,sleeping_or_churn
371257,,0.0,0.0,0.0,,,,0.0,,4,0,68,0,67,0.0,0,sleeping_or_churn
37581,,0.0,0.0,0.0,,,,0.0,,0,0,33,0,1,0.0,0,sleeping_or_churn
38015,,0.0,0.0,0.0,,,,0.0,,1,0,343,0,271,0.0,0,sleeping_or_churn
381477,,0.0,0.0,0.0,,,,0.0,,0,0,40,0,24,0.0,0,sleeping_or_churn
382711,,0.0,0.0,0.0,,,,0.0,,0,0,23,0,17,0.0,0,sleeping_or_churn
383275,,0.0,0.0,0.0,,,,0.0,,0,0,35,0,31,0.0,0,sleeping_or_churn
383445,,0.0,0.0,0.0,,,,0.0,,0,0,50,0,21,0.0,0,sleeping_or_churn
385559,,0.0,0.0,0.0,,,,0.0,,1,0,41,0,31,0.0,0,sleeping_or_churn
387144,,0.0,0.0,0.0,,,,0.0,,10,0,40,0,37,0.0,0,sleeping_or_churn
388200,,0.0,0.0,0.0,,,,0.0,,0,0,127,0,113,0.0,0,sleeping_or_churn
388556,,0.0,0.0,0.0,,,,0.0,,0,0,266,0,12,0.0,0,sleeping_or_churn
389135,,0.0,0.0,0.0,,,,0.0,,0,0,31,0,19,0.0,0,sleeping_or_churn
392752,,0.0,0.0,0.0,,,,0.0,,0,0,27,0,10,0.0,0,sleeping_or_churn
394049,,0.0,0.0,0.0,,,,0.0,,0,0,28,0,1,0.0,0,sleeping_or_churn
398192,,0.0,0.0,0.0,,,,0.0,,5,0,47,0,33,0.0,0,sleeping_or_churn
400159,,0.0,0.0,0.0,,,,0.0,,4,0,18,0,12,0.0,0,sleeping_or_churn
400676,,0.0,0.0,0.0,,,,0.0,,2,0,36,0,32,0.0,0,sleeping_or_churn
401352,,0.0,0.0,0.0,,,,0.0,,0,0,33,0,24,0.0,0,sleeping_or_churn
403567,,0.0,0.0,0.0,,,,0.0,,0,0,33,0,33,0.0,0,sleeping_or_churn
406115,,0.0,0.0,0.0,,,,0.0,,0,0,35,0,14,0.0,0,sleeping_or_churn
408063,,0.0,0.0,0.0,,,,0.0,,2,0,26,0,17,0.0,0,sleeping_or_churn
408657,,0.0,0.0,0.0,,,,0.0,,0,0,35,0,32,0.0,0,sleeping_or_churn
409324,,0.0,0.0,0.0,,,,0.0,,0,0,149,0,132,0.0,0,sleeping_or_churn
412598,,0.0,0.0,0.0,,,,0.0,,0,0,27,0,26,0.0,0,sleeping_or_churn
414649,,0.0,0.0,0.0,,,,0.0,,0,0,26,0,9,0.0,0,sleeping_or_churn
415453,,0.0,0.0,0.0,,,,0.0,,2,0,28,0,25,0.0,0,sleeping_or_churn
41623,,0.0,0.0,0.0,,,,0.0,,1,0,26,0,23,0.0,0,sleeping_or_churn
41702,,0.0,0.0,0.0,,,,0.0,,4,0,22,0,12,0.0,0,sleeping_or_churn
417915,,0.0,0.0,0.0,,,,0.0,,0,0,46,0,38,0.0,0,sleeping_or_churn
418102,,0.0,0.0,0.0,,,,0.0,,0,0,29,0,27,0.0,0,sleeping_or_churn
418788,,0.0,0.0,0.0,,,,0.0,,1,0,37,0,19,0.0,0,sleeping_or_churn
418934,,0.0,0.0,0.0,,,,0.0,,0,0,31,0,24,0.0,0,sleeping_or_churn
420080,,0.0,0.0,0.0,,,,0.0,,0,0,32,0,15,0.0,0,sleeping_or_churn
422864,,0.0,0.0,0.0,,,,0.0,,11,0,21,0,21,0.0,0,sleeping_or_churn
424358,,0.0,0.0,0.0,,,,0.0,,0,0,26,0,23,0.0,0,sleeping_or_churn
425356,,0.0,0.0,0.0,,,,0.0,,0,0,27,0,14,0.0,0,sleeping_or_churn
425631,,0.0,0.0,0.0,,,,0.0,,0,0,75,0,60,0.0,0,sleeping_or_churn
428880,,0.0,0.0,0.0,,,,0.0,,0,0,36,0,10,0.0,0,sleeping_or_churn
429450,,0.0,0.0,0.0,,,,0.0,,0,0,31,0,2,0.0,0,sleeping_or_churn
431926,,0.0,0.0,0.0,,,,0.0,,1,0,17,0,5,0.0,0,sleeping_or_churn
433298,,0.0,0.0,0.0,,,,0.0,,4,0,45,0,38,0.0,0,sleeping_or_churn
447488,,0.0,0.0,0.0,,,,0.0,,0,0,45,0,37,0.0,0,sleeping_or_churn
449194,,0.0,0.0,0.0,,,,0.0,,1,0,134,0,100,0.0,0,sleeping_or_churn
449683,,0.0,0.0,0.0,,,,0.0,,0,0,23,0,22,0.0,0,sleeping_or_churn
454771,,0.0,0.0,0.0,,,,0.0,,0,0,20,0,16,0.0,0,sleeping_or_churn
457187,,0.0,0.0,0.0,,,,0.0,,0,0,35,0,27,0.0,0,sleeping_or_churn
458689,,0.0,0.0,0.0,,,,0.0,,0,0,49,0,1,0.0,0,sleeping_or_churn
46276,,0.0,0.0,0.0,,,,0.0,,0,0,28,0,9,0.0,0,sleeping_or_churn
463561,,0.0,0.0,0.0,,,,0.0,,2,0,57,0,47,0.0,0,sleeping_or_churn
468309,,0.0,0.0,0.0,,,,0.0,,0,0,282,0,146,0.0,0,sleeping_or_churn
471519,,0.0,0.0,0.0,,,,0.0,,0,0,27,0,16,0.0,0,sleeping_or_churn
471992,,0.0,0.0,0.0,,,,0.0,,14,0,26,0,21,0.0,0,sleeping_or_churn
474308,,0.0,0.0,0.0,,,,0.0,,4,0,60,0,22,0.0,0,sleeping_or_churn
478006,,0.0,0.0,0.0,,,,0.0,,0,0,109,0,103,0.0,0,sleeping_or_churn
478537,,0.0,0.0,0.0,,,,0.0,,14,0,57,0,51,0.0,0,sleeping_or_churn
484215,,0.0,0.0,0.0,,,,0.0,,0,0,31,0,30,0.0,0,sleeping_or_churn
484663,,0.0,0.0,0.0,,,,0.0,,0,0,32,0,12,0.0,0,sleeping_or_churn
485556,,0.0,0.0,0.0,,,,0.0,,0,0,26,0,22,0.0,0,sleeping_or_churn
487986,,0.0,0.0,0.0,,,,0.0,,0,0,27,0,1,0.0,0,sleeping_or_churn
497170,,0.0,0.0,0.0,,,,0.0,,1,0,42,0,33,0.0,0,sleeping_or_churn
499320,,0.0,0.0,0.0,,,,0.0,,0,0,34,0,27,0.0,0,sleeping_or_churn
501429,,0.0,0.0,0.0,,,,0.0,,2,0,24,0,14,0.0,0,sleeping_or_churn
501896,,0.0,0.0,0.0,,,,0.0,,0,0,25,0,5,0.0,0,sleeping_or_churn
502208,,0.0,0.0,0.0,,,,0.0,,0,0,30,0,23,0.0,0,sleeping_or_churn
502828,,0.0,0.0,0.0,,,,0.0,,0,0,46,0,38,0.0,0,sleeping_or_churn
502832,,0.0,0.0,0.0,,,,0.0,,0,0,46,0,44,0.0,0,sleeping_or_churn
503071,,0.0,0.0,0.0,,,,0.0,,0,0,24,0,21,0.0,0,sleeping_or_churn
509081,,0.0,0.0,0.0,,,,0.0,,0,0,31,0,29,0.0,0,sleeping_or_churn
514220,,0.0,0.0,0.0,,,,0.0,,0,0,92,0,40,0.0,0,sleeping_or_churn
514595,,0.0,0.0,0.0,,,,0.0,,0,0,14,0,13,0.0,0,sleeping_or_churn
515017,,0.0,0.0,0.0,,,,0.0,,0,0,56,0,32,0.0,0,sleeping_or_churn
518851,,0.0,0.0,0.0,,,,0.0,,0,0,23,0,19,0.0,0,sleeping_or_churn
520636,,0.0,0.0,0.0,,,,0.0,,9,0,36,0,30,0.0,0,sleeping_or_churn
522161,,0.0,0.0,0.0,,,,0.0,,0,0,50,0,43,0.0,0,sleeping_or_churn
525077,,0.0,0.0,0.0,,,,0.0,,0,0,27,0,17,0.0,0,sleeping_or_churn
527307,,0.0,0.0,0.0,,,,0.0,,2,0,354,0,332,0.0,0,sleeping_or_churn
531951,,0.0,0.0,0.0,,,,0.0,,6,0,22,0,17,0.0,0,sleeping_or_churn
532023,,0.0,0.0,0.0,,,,0.0,,0,0,24,0,15,0.0,0,sleeping_or_churn
534792,,0.0,0.0,0.0,,,,0.0,,1,0,21,0,15,0.0,0,sleeping_or_churn
538006,,0.0,0.0,0.0,,,,0.0,,2,0,36,0,13,0.0,0,sleeping_or_churn
538165,,0.0,0.0,0.0,,,,0.0,,0,0,29,0,23,0.0,0,sleeping_or_churn
538433,,0.0,0.0,0.0,,,,0.0,,0,0,18,0,1,0.0,0,sleeping_or_churn
541564,,0.0,0.0,0.0,,,,0.0,,0,0,38,0,30,0.0,0,sleeping_or_churn
542164,,0.0,0.0,0.0,,,,0.0,,0,0,18,0,4,0.0,0,sleeping_or_churn
542983,,0.0,0.0,0.0,,,,0.0,,0,0,55,0,24,0.0,0,sleeping_or_churn
546527,,0.0,0.0,0.0,,,,0.0,,0,0,28,0,17,0.0,0,sleeping_or_churn
54791,,0.0,0.0,0.0,,,,0.0,,0,0,164,0,15,0.0,0,sleeping_or_churn
550568,,0.0,0.0,0.0,,,,0.0,,0,0,54,0,38,0.0,0,sleeping_or_churn
550789,,0.0,0.0,0.0,,,,0.0,,0,0,69,0,63,0.0,0,sleeping_or_churn
550928,,0.0,0.0,0.0,,,,0.0,,1,0,44,0,39,0.0,0,sleeping_or_churn
553277,,0.0,0.0,0.0,,,,0.0,,0,0,41,0,41,0.0,0,sleeping_or_churn
555714,,0.0,0.0,0.0,,,,0.0,,0,0,39,0,14,0.0,0,sleeping_or_churn
559484,,0.0,0.0,0.0,,,,0.0,,0,0,43,0,35,0.0,0,sleeping_or_churn
560891,,0.0,0.0,0.0,,,,0.0,,8,0,56,0,40,0.0,0,sleeping_or_churn
564674,,0.0,0.0,0.0,,,,0.0,,0,0,23,0,11,0.0,0,sleeping_or_churn
567463,,0.0,0.0,0.0,,,,0.0,,0,0,25,0,13,0.0,0,sleeping_or_churn
568481,,0.0,0.0,0.0,,,,0.0,,2,0,30,0,17,0.0,0,sleeping_or_churn
572644,,0.0,0.0,0.0,,,,0.0,,0,0,55,0,55,0.0,0,sleeping_or_churn
575600,,0.0,0.0,0.0,,,,0.0,,3,0,23,0,14,0.0,0,sleeping_or_churn
577459,,0.0,0.0,0.0,,,,0.0,,0,0,40,0,10,0.0,0,sleeping_or_churn
579049,,0.0,0.0,0.0,,,,0.0,,0,0,38,0,3,0.0,0,sleeping_or_churn
580290,,0.0,0.0,0.0,,,,0.0,,0,0,31,0,11,0.0,0,sleeping_or_churn
581174,,0.0,0.0,0.0,,,,0.0,,0,0,32,0,4,0.0,0,sleeping_or_churn
582600,,0.0,0.0,0.0,,,,0.0,,0,0,47,0,22,0.0,0,sleeping_or_churn
585174,,0.0,0.0,0.0,,,,0.0,,15,0,17,0,13,0.0,0,sleeping_or_churn
585935,,0.0,0.0,0.0,,,,0.0,,0,0,31,0,1,0.0,0,sleeping_or_churn
587389,,0.0,0.0,0.0,,,,0.0,,2,0,36,0,15,0.0,0,sleeping_or_churn
589239,,0.0,0.0,0.0,,,,0.0,,0,0,21,0,6,0.0,0,sleeping_or_churn
590943,,0.0,0.0,0.0,,,,0.0,,0,0,50,0,45,0.0,0,sleeping_or_churn
591760,,0.0,0.0,0.0,,,,0.0,,0,0,32,0,30,0.0,0,sleeping_or_churn
596356,,0.0,0.0,0.0,,,,0.0,,0,0,21,0,1,0.0,0,sleeping_or_churn
598277,,0.0,0.0,0.0,,,,0.0,,0,0,26,0,13,0.0,0,sleeping_or_churn
601836,,0.0,0.0,0.0,,,,0.0,,0,0,90,0,81,0.0,0,sleeping_or_churn
602115,,0.0,0.0,0.0,,,,0.0,,0,0,47,0,1,0.0,0,sleeping_or_churn
608714,,0.0,0.0,0.0,,,,0.0,,0,0,23,0,6,0.0,0,sleeping_or_churn
610403,,0.0,0.0,0.0,,,,0.0,,0,0,24,0,14,0.0,0,sleeping_or_churn
614908,,0.0,0.0,0.0,,,,0.0,,1,0,23,0,13,0.0,0,sleeping_or_churn
6170,,0.0,0.0,0.0,,,,0.0,,10,0,46,0,48,0.0,0,sleeping_or_churn
619525,,0.0,0.0,0.0,,,,0.0,,1,0,24,0,18,0.0,0,sleeping_or_churn
620048,,0.0,0.0,0.0,,,,0.0,,1,0,31,0,25,0.0,0,sleeping_or_churn
623174,,0.0,0.0,0.0,,,,0.0,,0,0,74,0,55,0.0,0,sleeping_or_churn
623277,,0.0,0.0,0.0,,,,0.0,,0,0,28,0,8,0.0,0,sleeping_or_churn
623304,,0.0,0.0,0.0,,,,0.0,,0,0,56,0,49,0.0,0,sleeping_or_churn
625167,,0.0,0.0,0.0,,,,0.0,,0,0,58,0,12,0.0,0,sleeping_or_churn
628940,,0.0,0.0,0.0,,,,0.0,,0,0,29,0,24,0.0,0,sleeping_or_churn
629627,,0.0,0.0,0.0,,,,0.0,,0,0,29,0,1,0.0,0,sleeping_or_churn
630463,,0.0,0.0,0.0,,,,0.0,,0,0,23,0,11,0.0,0,sleeping_or_churn
631905,,0.0,0.0,0.0,,,,0.0,,0,0,28,0,26,0.0,0,sleeping_or_churn
634327,,0.0,0.0,0.0,,,,0.0,,1,0,105,0,78,0.0,0,sleeping_or_churn
638482,,0.0,0.0,0.0,,,,0.0,,1,0,751,0,602,0.0,0,sleeping_or_churn
639414,,0.0,0.0,0.0,,,,0.0,,0,0,23,0,9,0.0,0,sleeping_or_churn
640951,,0.0,0.0,0.0,,,,0.0,,0,0,18,0,1,0.0,0,sleeping_or_churn
641040,,0.0,0.0,0.0,,,,0.0,,0,0,36,0,30,0.0,0,sleeping_or_churn
643673,,0.0,0.0,0.0,,,,0.0,,5,0,94,0,60,0.0,0,sleeping_or_churn
644939,,0.0,0.0,0.0,,,,0.0,,0,0,36,0,16,0.0,0,sleeping_or_churn
648175,,0.0,0.0,0.0,,,,0.0,,1,0,25,0,16,0.0,0,sleeping_or_churn
64931,,0.0,0.0,0.0,,,,0.0,,3,0,80,0,47,0.0,0,sleeping_or_churn
653115,,0.0,0.0,0.0,,,,0.0,,0,0,34,0,19,0.0,0,sleeping_or_churn
653779,,0.0,0.0,0.0,,,,0.0,,10,0,26,0,33,0.0,0,sleeping_or_churn
671264,,0.0,0.0,0.0,,,,0.0,,5,0,32,0,20,0.0,0,sleeping_or_churn
672733,,0.0,0.0,0.0,,,,0.0,,0,0,53,0,41,0.0,0,sleeping_or_churn
672735,,0.0,0.0,0.0,,,,0.0,,0,0,24,0,24,0.0,0,sleeping_or_churn
674163,,0.0,0.0,0.0,,,,0.0,,0,0,36,0,31,0.0,0,sleeping_or_churn
679502,,0.0,0.0,0.0,,,,0.0,,0,0,15,0,2,0.0,0,sleeping_or_churn
680352,,0.0,0.0,0.0,,,,0.0,,1,0,37,0,25,0.0,0,sleeping_or_churn
682621,,0.0,0.0,0.0,,,,0.0,,2,0,50,0,29,0.0,0,sleeping_or_churn
689834,,0.0,0.0,0.0,,,,0.0,,4,0,34,0,19,0.0,0,sleeping_or_churn
692778,,0.0,0.0,0.0,,,,0.0,,2,0,38,0,7,0.0,0,sleeping_or_churn
694913,,0.0,0.0,0.0,,,,0.0,,7,0,15,0,15,0.0,0,sleeping_or_churn
695074,,0.0,0.0,0.0,,,,0.0,,1,0,19,0,6,0.0,0,sleeping_or_churn
695164,,0.0,0.0,0.0,,,,0.0,,7,0,109,0,72,0.0,0,sleeping_or_churn
699471,,0.0,0.0,0.0,,,,0.0,,0,0,36,0,33,0.0,0,sleeping_or_churn
699890,,0.0,0.0,0.0,,,,0.0,,0,0,21,0,13,0.0,0,sleeping_or_churn
702279,,0.0,0.0,0.0,,,,0.0,,0,0,63,0,60,0.0,0,sleeping_or_churn
703762,,0.0,0.0,0.0,,,,0.0,,2,0,29,0,7,0.0,0,sleeping_or_churn
705106,,0.0,0.0,0.0,,,,0.0,,7,0,24,0,21,0.0,0,sleeping_or_churn
706387,,0.0,0.0,0.0,,,,0.0,,8,0,26,0,21,0.0,0,sleeping_or_churn
708248,,0.0,0.0,0.0,,,,0.0,,0,0,23,0,23,0.0,0,sleeping_or_churn
712422,,0.0,0.0,0.0,,,,0.0,,0,0,29,0,18,0.0,0,sleeping_or_churn
71606,,0.0,0.0,0.0,,,,0.0,,0,0,39,0,37,0.0,0,sleeping_or_churn
716510,,0.0,0.0,0.0,,,,0.0,,0,0,25,0,14,0.0,0,sleeping_or_churn
717336,,0.0,0.0,0.0,,,,0.0,,0,0,22,0,17,0.0,0,sleeping_or_churn
718180,,0.0,0.0,0.0,,,,0.0,,0,0,60,0,29,0.0,0,sleeping_or_churn
718284,,0.0,0.0,0.0,,,,0.0,,0,0,29,0,28,0.0,0,sleeping_or_churn
719708,,0.0,0.0,0.0,,,,0.0,,31,0,131,0,131,0.0,0,sleeping_or_churn
721440,,0.0,0.0,0.0,,,,0.0,,9,0,19,0,24,0.0,0,sleeping_or_churn
721702,,0.0,0.0,0.0,,,,0.0,,0,0,28,0,23,0.0,0,sleeping_or_churn
722334,,0.0,0.0,0.0,,,,0.0,,5,0,21,0,15,0.0,0,sleeping_or_churn
722706,,0.0,0.0,0.0,,,,0.0,,0,0,20,0,2,0.0,0,sleeping_or_churn
723419,,0.0,0.0,0.0,,,,0.0,,0,0,39,0,38,0.0,0,sleeping_or_churn
724401,,0.0,0.0,0.0,,,,0.0,,2,0,27,0,27,0.0,0,sleeping_or_churn
729479,,0.0,0.0,0.0,,,,0.0,,0,0,26,0,21,0.0,0,sleeping_or_churn
729726,,0.0,0.0,0.0,,,,0.0,,1,0,28,0,6,0.0,0,sleeping_or_churn
730800,,0.0,0.0,0.0,,,,0.0,,0,0,27,0,23,0.0,0,sleeping_or_churn
731292,,0.0,0.0,0.0,,,,0.0,,1,0,35,0,31,0.0,0,sleeping_or_churn
731398,,0.0,0.0,0.0,,,,0.0,,0,0,47,0,45,0.0,0,sleeping_or_churn
732249,,0.0,0.0,0.0,,,,0.0,,0,0,153,0,9,0.0,0,sleeping_or_churn
732548,,0.0,0.0,0.0,,,,0.0,,0,0,23,0,18,0.0,0,sleeping_or_churn
733192,,0.0,0.0,0.0,,,,0.0,,0,0,38,0,1,0.0,0,sleeping_or_churn
733532,,0.0,0.0,0.0,,,,0.0,,0,0,42,0,1,0.0,0,sleeping_or_churn
73449,,0.0,0.0,0.0,,,,0.0,,1,0,170,0,126,0.0,0,sleeping_or_churn
734633,,0.0,0.0,0.0,,,,0.0,,0,0,32,0,19,0.0,0,sleeping_or_churn
739007,,0.0,0.0,0.0,,,,0.0,,13,0,11,0,22,0.0,0,sleeping_or_churn
739647,,0.0,0.0,0.0,,,,0.0,,0,0,28,0,17,0.0,0,sleeping_or_churn
740123,,0.0,0.0,0.0,,,,0.0,,0,0,24,0,21,0.0,0,sleeping_or_churn
741671,,0.0,0.0,0.0,,,,0.0,,0,0,44,0,32,0.0,0,sleeping_or_churn
752803,,0.0,0.0,0.0,,,,0.0,,1,0,27,0,6,0.0,0,sleeping_or_churn
755962,,0.0,0.0,0.0,,,,0.0,,1,0,33,0,16,0.0,0,sleeping_or_churn
759234,,0.0,0.0,0.0,,,,0.0,,0,0,31,0,11,0.0,0,sleeping_or_churn
762655,,0.0,0.0,0.0,,,,0.0,,0,0,42,0,39,0.0,0,sleeping_or_churn
763141,,0.0,0.0,0.0,,,,0.0,,0,0,123,0,93,0.0,0,sleeping_or_churn
768267,,0.0,0.0,0.0,,,,0.0,,0,0,36,0,1,0.0,0,sleeping_or_churn
768334,,0.0,0.0,0.0,,,,0.0,,0,0,39,0,20,0.0,0,sleeping_or_churn
770651,,0.0,0.0,0.0,,,,0.0,,0,0,25,0,17,0.0,0,sleeping_or_churn
771313,,0.0,0.0,0.0,,,,0.0,,1,0,22,0,16,0.0,0,sleeping_or_churn
77177,,0.0,0.0,0.0,,,,0.0,,0,0,50,0,30,0.0,0,sleeping_or_churn
77390,,0.0,0.0,0.0,,,,0.0,,0,0,394,0,294,0.0,0,sleeping_or_churn
774003,,0.0,0.0,0.0,,,,0.0,,0,0,33,0,19,0.0,0,sleeping_or_churn
774707,,0.0,0.0,0.0,,,,0.0,,0,0,30,0,25,0.0,0,sleeping_or_churn
777089,,0.0,0.0,0.0,,,,0.0,,0,0,22,0,1,0.0,0,sleeping_or_churn
777908,,0.0,0.0,0.0,,,,0.0,,0,0,34,0,18,0.0,0,sleeping_or_churn
779492,,0.0,0.0,0.0,,,,0.0,,0,0,36,0,14,0.0,0,sleeping_or_churn
780414,,0.0,0.0,0.0,,,,0.0,,0,0,27,0,26,0.0,0,sleeping_or_churn
78219,,0.0,0.0,0.0,,,,0.0,,0,0,25,0,1,0.0,0,sleeping_or_churn
783557,,0.0,0.0,0.0,,,,0.0,,0,0,54,0,51,0.0,0,sleeping_or_churn
78724,,0.0,0.0,0.0,,,,0.0,,0,0,80,0,58,0.0,0,sleeping_or_churn
788941,,0.0,0.0,0.0,,,,0.0,,0,0,31,0,25,0.0,0,sleeping_or_churn
789933,,0.0,0.0,0.0,,,,0.0,,0,0,23,0,20,0.0,0,sleeping_or_churn
795383,,0.0,0.0,0.0,,,,0.0,,14,0,39,0,26,0.0,0,sleeping_or_churn
79627,,0.0,0.0,0.0,,,,0.0,,0,0,658,0,578,0.0,0,sleeping_or_churn
796636,,0.0,0.0,0.0,,,,0.0,,0,0,47,0,47,0.0,0,sleeping_or_churn
796682,,0.0,0.0,0.0,,,,0.0,,1,0,33,0,14,0.0,0,sleeping_or_churn
797488,,0.0,0.0,0.0,,,,0.0,,0,0,61,0,14,0.0,0,sleeping_or_churn
798002,,0.0,0.0,0.0,,,,0.0,,0,0,175,0,160,0.0,0,sleeping_or_churn
801373,,0.0,0.0,0.0,,,,0.0,,0,0,40,0,4,0.0,0,sleeping_or_churn
802320,,0.0,0.0,0.0,,,,0.0,,1,0,73,0,32,0.0,0,sleeping_or_churn
802505,,0.0,0.0,0.0,,,,0.0,,0,0,27,0,5,0.0,0,sleeping_or_churn
807384,,0.0,0.0,0.0,,,,0.0,,0,0,30,0,22,0.0,0,sleeping_or_churn
807509,,0.0,0.0,0.0,,,,0.0,,3,0,27,0,15,0.0,0,sleeping_or_churn
808813,,0.0,0.0,0.0,,,,0.0,,1,0,52,0,38,0.0,0,sleeping_or_churn
810368,,0.0,0.0,0.0,,,,0.0,,0,0,36,0,24,0.0,0,sleeping_or_churn
811745,,0.0,0.0,0.0,,,,0.0,,1,0,46,0,34,0.0,0,sleeping_or_churn
816229,,0.0,0.0,0.0,,,,0.0,,0,0,81,0,3,0.0,0,sleeping_or_churn
819370,,0.0,0.0,0.0,,,,0.0,,0,0,78,0,72,0.0,0,sleeping_or_churn
819698,,0.0,0.0,0.0,,,,0.0,,0,0,34,0,14,0.0,0,sleeping_or_churn
823367,,0.0,0.0,0.0,,,,0.0,,0,0,22,0,17,0.0,0,sleeping_or_churn
823982,,0.0,0.0,0.0,,,,0.0,,1,0,34,0,17,0.0,0,sleeping_or_churn
829859,,0.0,0.0,0.0,,,,0.0,,0,0,37,0,22,0.0,0,sleeping_or_churn
833253,,0.0,0.0,0.0,,,,0.0,,0,0,39,0,34,0.0,0,sleeping_or_churn
83573,,0.0,0.0,0.0,,,,0.0,,0,0,27,0,26,0.0,0,sleeping_or_churn
835774,,0.0,0.0,0.0,,,,0.0,,0,0,19,0,14,0.0,0,sleeping_or_churn
836044,,0.0,0.0,0.0,,,,0.0,,1,0,37,0,5,0.0,0,sleeping_or_churn
836468,,0.0,0.0,0.0,,,,0.0,,0,0,43,0,38,0.0,0,sleeping_or_churn
837189,,0.0,0.0,0.0,,,,0.0,,0,0,31,0,1,0.0,0,sleeping_or_churn
837995,,0.0,0.0,0.0,,,,0.0,,0,0,35,0,34,0.0,0,sleeping_or_churn
844618,,0.0,0.0,0.0,,,,0.0,,0,0,69,0,67,0.0,0,sleeping_or_churn
84465,,0.0,0.0,0.0,,,,0.0,,2,0,28,0,23,0.0,0,sleeping_or_churn
846767,,0.0,0.0,0.0,,,,0.0,,0,0,30,0,7,0.0,0,sleeping_or_churn
846926,,0.0,0.0,0.0,,,,0.0,,0,0,24,0,14,0.0,0,sleeping_or_churn
846933,,0.0,0.0,0.0,,,,0.0,,0,0,34,0,2,0.0,0,sleeping_or_churn
850171,,0.0,0.0,0.0,,,,0.0,,0,0,56,0,45,0.0,0,sleeping_or_churn
854743,,0.0,0.0,0.0,,,,0.0,,0,0,42,0,2,0.0,0,sleeping_or_churn
856874,,0.0,0.0,0.0,,,,0.0,,0,0,164,0,127,0.0,0,sleeping_or_churn
857567,,0.0,0.0,0.0,,,,0.0,,0,0,18,0,17,0.0,0,sleeping_or_churn
860113,,0.0,0.0,0.0,,,,0.0,,1,0,33,0,9,0.0,0,sleeping_or_churn
861630,,0.0,0.0,0.0,,,,0.0,,4,0,28,0,17,0.0,0,sleeping_or_churn
86459,,0.0,0.0,0.0,,,,0.0,,9,0,18,0,15,0.0,0,sleeping_or_churn
869858,,0.0,0.0,0.0,,,,0.0,,0,0,27,0,17,0.0,0,sleeping_or_churn
872031,,0.0,0.0,0.0,,,,0.0,,0,0,34,0,29,0.0,0,sleeping_or_churn
874209,,0.0,0.0,0.0,,,,0.0,,0,0,29,0,29,0.0,0,sleeping_or_churn
875908,,0.0,0.0,0.0,,,,0.0,,1,0,32,0,20,0.0,0,sleeping_or_churn
876048,,0.0,0.0,0.0,,,,0.0,,0,0,36,0,25,0.0,0,sleeping_or_churn
881061,,0.0,0.0,0.0,,,,0.0,,5,0,22,0,14,0.0,0,sleeping_or_churn
881986,,0.0,0.0,0.0,,,,0.0,,1,0,22,0,20,0.0,0,sleeping_or_churn
882851,,0.0,0.0,0.0,,,,0.0,,0,0,46,0,31,0.0,0,sleeping_or_churn
883799,,0.0,0.0,0.0,,,,0.0,,0,0,27,0,15,0.0,0,sleeping_or_churn
884108,,0.0,0.0,0.0,,,,0.0,,12,0,14,0,18,0.0,0,sleeping_or_churn
885139,,0.0,0.0,0.0,,,,0.0,,0,0,93,0,72,0.0,0,sleeping_or_churn
886204,,0.0,0.0,0.0,,,,0.0,,0,0,24,0,23,0.0,0,sleeping_or_churn
888200,,0.0,0.0,0.0,,,,0.0,,2,0,23,0,20,0.0,0,sleeping_or_churn
892697,,0.0,0.0,0.0,,,,0.0,,4,0,25,0,22,0.0,0,sleeping_or_churn
894124,,0.0,0.0,0.0,,,,0.0,,0,0,29,0,19,0.0,0,sleeping_or_churn
89426,,0.0,0.0,0.0,,,,0.0,,1,0,21,0,17,0.0,0,sleeping_or_churn
894555,,0.0,0.0,0.0,,,,0.0,,0,0,26,0,8,0.0,0,sleeping_or_churn
894747,,0.0,0.0,0.0,,,,0.0,,0,0,155,0,152,0.0,0,sleeping_or_churn
895783,,0.0,0.0,0.0,,,,0.0,,0,0,23,0,22,0.0,0,sleeping_or_churn
897679,,0.0,0.0,0.0,,,,0.0,,3,0,29,0,12,0.0,0,sleeping_or_churn
898067,,0.0,0.0,0.0,,,,0.0,,6,0,27,0,26,0.0,0,sleeping_or_churn
901341,,0.0,0.0,0.0,,,,0.0,,5,0,23,0,15,0.0,0,sleeping_or_churn
903390,,0.0,0.0,0.0,,,,0.0,,0,0,32,0,31,0.0,0,sleeping_or_churn
905316,,0.0,0.0,0.0,,,,0.0,,0,0,32,0,32,0.0,0,sleeping_or_churn
907087,,0.0,0.0,0.0,,,,0.0,,2,0,28,0,14,0.0,0,sleeping_or_churn
909859,,0.0,0.0,0.0,,,,0.0,,0,0,145,0,128,0.0,0,sleeping_or_churn
915578,,0.0,0.0,0.0,,,,0.0,,0,0,28,0,17,0.0,0,sleeping_or_churn
916871,,0.0,0.0,0.0,,,,0.0,,0,0,25,0,16,0.0,0,sleeping_or_churn
917504,,0.0,0.0,0.0,,,,0.0,,0,0,159,0,137,0.0,0,sleeping_or_churn
917791,,0.0,0.0,0.0,,,,0.0,,0,0,24,0,23,0.0,0,sleeping_or_churn
921225,,0.0,0.0,0.0,,,,0.0,,0,0,59,0,54,0.0,0,sleeping_or_churn
922849,,0.0,0.0,0.0,,,,0.0,,0,0,24,0,8,0.0,0,sleeping_or_churn
924268,,0.0,0.0,0.0,,,,0.0,,0,0,39,0,22,0.0,0,sleeping_or_churn
928443,,0.0,0.0,0.0,,,,0.0,,3,0,19,0,22,0.0,0,sleeping_or_churn
929356,,0.0,0.0,0.0,,,,0.0,,1,0,30,0,5,0.0,0,sleeping_or_churn
931536,,0.0,0.0,0.0,,,,0.0,,0,0,17,0,12,0.0,0,sleeping_or_churn
934040,,0.0,0.0,0.0,,,,0.0,,2,0,162,0,133,0.0,0,sleeping_or_churn
93504,,0.0,0.0,0.0,,,,0.0,,0,0,44,0,42,0.0,0,sleeping_or_churn
93627,,0.0,0.0,0.0,,,,0.0,,0,0,32,0,28,0.0,0,sleeping_or_churn
940608,,0.0,0.0,0.0,,,,0.0,,0,0,40,0,32,0.0,0,sleeping_or_churn
941288,,0.0,0.0,0.0,,,,0.0,,0,0,39,0,3,0.0,0,sleeping_or_churn
943801,,0.0,0.0,0.0,,,,0.0,,0,0,99,0,95,0.0,0,sleeping_or_churn
947844,,0.0,0.0,0.0,,,,0.0,,0,0,19,0,17,0.0,0,sleeping_or_churn
95128,,0.0,0.0,0.0,,,,0.0,,0,0,53,0,46,0.0,0,sleeping_or_churn
952974,,0.0,0.0,0.0,,,,0.0,,0,0,32,0,17,0.0,0,sleeping_or_churn
9535,,0.0,0.0,0.0,,,,0.0,,0,0,66,0,64,0.0,0,sleeping_or_churn
953771,,0.0,0.0,0.0,,,,0.0,,0,0,35,0,26,0.0,0,sleeping_or_churn
95405,,0.0,0.0,0.0,,,,0.0,,0,0,250,0,211,0.0,0,sleeping_or_churn
955587,,0.0,0.0,0.0,,,,0.0,,0,0,26,0,17,0.0,0,sleeping_or_churn
956716,,0.0,0.0,0.0,,,,0.0,,4,0,23,0,14,0.0,0,sleeping_or_churn
957260,,0.0,0.0,0.0,,,,0.0,,0,0,44,0,28,0.0,0,sleeping_or_churn
960773,,0.0,0.0,0.0,,,,0.0,,2,0,62,0,55,0.0,0,sleeping_or_churn
962057,,0.0,0.0,0.0,,,,0.0,,22,0,4,0,19,0.0,0,sleeping_or_churn
962631,,0.0,0.0,0.0,,,,0.0,,1,0,85,0,78,0.0,0,sleeping_or_churn
962770,,0.0,0.0,0.0,,,,0.0,,0,0,42,0,1,0.0,0,sleeping_or_churn
963348,,0.0,0.0,0.0,,,,0.0,,5,0,86,0,84,0.0,0,sleeping_or_churn
963352,,0.0,0.0,0.0,,,,0.0,,0,0,22,0,6,0.0,0,sleeping_or_churn
966491,,0.0,0.0,0.0,,,,0.0,,1,0,103,0,74,0.0,0,sleeping_or_churn
968683,,0.0,0.0,0.0,,,,0.0,,2,0,129,0,109,0.0,0,sleeping_or_churn
968892,,0.0,0.0,0.0,,,,0.0,,1,0,42,0,24,0.0,0,sleeping_or_churn
97112,,0.0,0.0,0.0,,,,0.0,,0,0,53,0,1,0.0,0,sleeping_or_churn
975710,,0.0,0.0,0.0,,,,0.0,,0,0,40,0,5,0.0,0,sleeping_or_churn
976328,,0.0,0.0,0.0,,,,0.0,,0,0,23,0,15,0.0,0,sleeping_or_churn
977753,,0.0,0.0,0.0,,,,0.0,,0,0,144,0,119,0.0,0,sleeping_or_churn
97958,,0.0,0.0,0.0,,,,0.0,,1,0,49,0,1,0.0,0,sleeping_or_churn
981298,,0.0,0.0,0.0,,,,0.0,,0,0,33,0,19,0.0,0,sleeping_or_churn
982670,,0.0,0.0,0.0,,,,0.0,,33,0,18,0,31,0.0,0,sleeping_or_churn
983013,,0.0,0.0,0.0,,,,0.0,,0,0,41,0,31,0.0,0,sleeping_or_churn
983143,,0.0,0.0,0.0,,,,0.0,,21,0,15,0,19,0.0,0,sleeping_or_churn
983447,,0.0,0.0,0.0,,,,0.0,,0,0,59,0,25,0.0,0,sleeping_or_churn
986364,,0.0,0.0,0.0,,,,0.0,,0,0,21,0,1,0.0,0,sleeping_or_churn
989515,,0.0,0.0,0.0,,,,0.0,,0,0,48,0,4,0.0,0,sleeping_or_churn
990582,,0.0,0.0,0.0,,,,0.0,,0,0,30,0,5,0.0,0,sleeping_or_churn
992749,,0.0,0.0,0.0,,,,0.0,,0,0,29,0,13,0.0,0,sleeping_or_churn
